CH4,CO2,Temperature,pH,Pressure,Biogas Quality,timestamp
45.71280144,57.83367652,25.08989668,7.626384805,16.19507477,Moderate,2024-10-01T00:00:00
48.61528928,50.26712362,29.85141283,7.661821228,12.06629761,Moderate,2024-10-01T01:00:00
55.57776666,31.54780797,39.7354853,7.110650189,16.46879305,High,2024-10-01T02:00:00
46.69225074,27.58680193,30.11188279,6.446601774,20.73102909,Moderate,2024-10-01T03:00:00
45.67438694,57.64061687,38.30030013,6.078626353,9.145062143,Moderate,2024-10-01T04:00:00
32.42033906,36.50497668,34.60248984,6.024777349,16.11351646,Low,2024-10-01T05:00:00
32.15040428,32.61175815,38.39166364,6.979014038,6.78025953,Low,2024-10-01T06:00:00
63.22957965,31.36104147,37.04616067,7.080618169,10.87495844,High,2024-10-01T07:00:00
34.82376748,46.93847425,42.88792097,7.268671337,21.56585509,Low,2024-10-01T08:00:00
58.15253993,39.06917999,35.51665253,7.135219883,12.65539159,High,2024-10-01T09:00:00
39.97870251,21.57636338,29.67488853,6.760212917,15.60776314,Low,2024-10-01T10:00:00
46.62844586,29.15997405,33.98331128,6.811220581,8.215799014,Moderate,2024-10-01T11:00:00
32.02966863,35.7071656,26.54298564,6.094606027,12.6588038,Low,2024-10-01T12:00:00
42.97116393,35.77432238,36.29301217,7.516477653,5.260425638,Moderate,2024-10-01T13:00:00
49.08982907,46.09840203,26.16506094,6.623957771,17.78091265,Moderate,2024-10-01T14:00:00
32.76693374,45.72595264,30.8116581,7.178466415,18.59669599,Low,2024-10-01T15:00:00
33.68462998,27.64896335,38.2839041,7.812702863,22.57525456,Low,2024-10-01T16:00:00
45.44938348,40.84515007,40.6306658,7.973138397,20.18512831,Moderate,2024-10-01T17:00:00
52.07361168,37.81561583,39.18971645,7.091186983,12.63894187,High,2024-10-01T18:00:00
38.25731059,30.62295574,26.37559774,7.808267116,14.00034469,Low,2024-10-01T19:00:00
39.78114524,59.90351506,38.24486774,6.364591095,12.81539409,Low,2024-10-01T20:00:00
40.40945662,24.78771097,42.87217058,6.680623919,20.86401043,Moderate,2024-10-01T21:00:00
38.94460355,42.67099729,33.6281607,6.350458294,13.40118125,Low,2024-10-01T22:00:00
33.49502362,40.01248279,30.07341983,6.243373703,21.36156002,Low,2024-10-01T23:00:00
35.79727827,52.45189558,34.68840529,7.271703221,11.98572326,Low,2024-10-02T00:00:00
49.75123011,30.3256045,41.46862397,6.661239719,8.321251393,Moderate,2024-10-02T01:00:00
49.73852607,26.90396193,44.01119819,6.214675533,8.206579809,Moderate,2024-10-02T02:00:00
33.86151112,26.19227176,43.16372678,7.129631629,14.01571795,Low,2024-10-02T03:00:00
47.67515751,47.22425203,33.95811432,7.625253031,11.57065921,Moderate,2024-10-02T04:00:00
56.39549898,29.61198406,39.48488132,7.168806412,18.20682698,High,2024-10-02T05:00:00
58.73244102,33.02990265,36.97382902,7.223036601,10.79692842,High,2024-10-02T06:00:00
52.2794349,28.30029409,35.71670743,7.028173636,15.72927486,High,2024-10-02T07:00:00
51.00581524,29.52272517,36.82204414,6.984636202,17.62445687,High,2024-10-02T08:00:00
39.06119142,34.82220669,43.06620371,7.145066907,12.58557723,Low,2024-10-02T09:00:00
35.73067707,23.25673267,41.21400405,6.866978576,23.8585391,Low,2024-10-02T10:00:00
39.67349228,20.14652574,43.77419338,7.292867986,24.54656931,Low,2024-10-02T11:00:00
42.3188394,50.17466731,32.86726928,6.517328389,19.60409575,Moderate,2024-10-02T12:00:00
49.582845,44.72484589,29.67409384,6.688702415,7.244354686,Moderate,2024-10-02T13:00:00
48.74127159,37.41733277,38.9892672,7.504920164,14.05622085,Moderate,2024-10-02T14:00:00
35.07163456,35.69522978,40.29532643,7.290753746,22.75666507,Low,2024-10-02T15:00:00
41.39057911,31.73109558,34.52119706,6.142624903,24.24023306,Moderate,2024-10-02T16:00:00
46.69674882,49.33707036,32.25715386,6.722114479,12.25598208,Moderate,2024-10-02T17:00:00
35.72377687,49.88048481,29.96404044,6.151863204,15.41054926,Low,2024-10-02T18:00:00
69.22166279,28.82993666,35.65915054,7.007921767,18.70361835,High,2024-10-02T19:00:00
34.18587188,33.20854019,29.4064096,7.426341425,8.35185871,Low,2024-10-02T20:00:00
58.93169647,39.15687521,35.93711252,7.298222346,13.67179183,High,2024-10-02T21:00:00
61.61718118,37.88161932,35.76671839,7.381522255,10.10770254,High,2024-10-02T22:00:00
31.58446541,50.82685923,41.60563682,6.707721264,10.53920142,Low,2024-10-02T23:00:00
57.77026654,34.60230883,35.37184332,7.005754165,15.6427975,High,2024-10-03T00:00:00
32.47742747,53.53542245,40.40684494,6.564324993,9.768783027,Low,2024-10-03T01:00:00
63.62353304,36.12949497,35.42565765,7.16334235,14.60389628,High,2024-10-03T02:00:00
37.41727279,36.60775252,30.01065931,7.640601722,12.8093493,Low,2024-10-03T03:00:00
45.47970151,59.9116285,35.28540139,6.718348094,5.093577553,Moderate,2024-10-03T04:00:00
66.97252387,27.71340409,39.70794826,7.25980679,16.26678337,High,2024-10-03T05:00:00
42.41631968,58.80870302,30.33394823,7.198031687,19.76391248,Moderate,2024-10-03T06:00:00
35.34362489,28.99050451,42.69359645,7.819081043,5.127012394,Low,2024-10-03T07:00:00
47.19303553,53.28716801,35.90065937,7.42600956,10.59621231,Moderate,2024-10-03T08:00:00
42.97931063,36.25916849,41.40848874,6.4951926,6.894272411,Moderate,2024-10-03T09:00:00
34.7208224,47.01279344,29.14907136,6.942171324,18.99064264,Low,2024-10-03T10:00:00
47.89998757,30.06870481,33.21335837,7.084809228,6.326819004,Moderate,2024-10-03T11:00:00
64.70800055,22.03846551,39.98340099,6.952222561,17.37679529,High,2024-10-03T12:00:00
49.11573017,35.47799628,26.5375959,7.488858365,17.1835386,Moderate,2024-10-03T13:00:00
40.47226961,44.88348271,43.05212079,7.787293546,6.39219903,Moderate,2024-10-03T14:00:00
47.96820093,31.5918905,39.90864414,6.006542509,7.486110432,Moderate,2024-10-03T15:00:00
35.69448786,38.53741296,42.8825942,6.318642482,10.18850444,Low,2024-10-03T16:00:00
46.97122401,56.31967486,25.90713006,6.145565449,7.104287904,Moderate,2024-10-03T17:00:00
54.11820787,29.34141299,38.48143078,7.132190737,10.2210512,High,2024-10-03T18:00:00
47.36615918,59.53362457,38.35904776,7.784232566,5.515759867,Moderate,2024-10-03T19:00:00
54.62636671,32.37423852,37.69772928,6.976142184,13.39471415,High,2024-10-03T20:00:00
51.84618124,28.99451823,38.07199766,7.301289185,10.15707069,High,2024-10-03T21:00:00
32.86432193,24.75196676,30.08497171,6.825740431,8.305732312,Low,2024-10-03T22:00:00
42.44559892,30.13156995,35.80975295,6.489239174,9.50388504,Moderate,2024-10-03T23:00:00
61.96445489,31.05037154,36.70982263,7.063175032,13.161111,High,2024-10-04T00:00:00
59.35991561,23.49009975,36.81383454,7.27971109,11.56011823,High,2024-10-04T01:00:00
50.09115586,34.03693111,36.90735472,7.240787541,17.90497187,High,2024-10-04T02:00:00
53.41803255,20.89029148,38.64131641,7.3348509,10.50243669,High,2024-10-04T03:00:00
30.55172544,33.83875557,41.22533672,7.584058007,15.87465599,Low,2024-10-04T04:00:00
40.4762505,39.68494925,38.25831794,6.697736761,9.840939279,Moderate,2024-10-04T05:00:00
32.66073855,33.09452029,37.05844864,6.488342617,15.00195248,Low,2024-10-04T06:00:00
35.49579151,22.61419236,29.11519733,7.37028906,15.06946446,Low,2024-10-04T07:00:00
42.81285606,58.77582876,32.33350803,6.766005745,12.83532126,Moderate,2024-10-04T08:00:00
45.21875384,27.46002866,30.33771877,6.592749109,6.972489011,Moderate,2024-10-04T09:00:00
66.23985469,27.76759295,37.50081269,7.123393852,16.03710453,High,2024-10-04T10:00:00
46.03063148,33.49057236,34.66462966,6.731053551,19.94429176,Moderate,2024-10-04T11:00:00
52.60785868,30.38286141,38.04941116,7.294705194,12.83272754,High,2024-10-04T12:00:00
50.25705321,27.58122625,36.16246314,7.317510772,15.606339,High,2024-10-04T13:00:00
62.67969615,26.75854988,35.21547232,7.346383344,13.83490884,High,2024-10-04T14:00:00
31.16812885,48.7458669,34.2705627,7.513137904,19.05883957,Low,2024-10-04T15:00:00
52.94613886,31.52653033,39.39640433,6.891459386,16.54578215,High,2024-10-04T16:00:00
35.01897167,55.80817855,37.23199197,7.531114718,9.991601498,Low,2024-10-04T17:00:00
43.59331315,28.50555591,30.56143287,7.533168038,7.33094846,Moderate,2024-10-04T18:00:00
38.61738595,46.36547724,30.83410438,6.52421989,20.16362138,Low,2024-10-04T19:00:00
54.57577899,34.42716192,39.63803434,7.088854153,17.84384076,High,2024-10-04T20:00:00
34.40177473,47.48436946,37.24883855,6.32007323,8.878074369,Low,2024-10-04T21:00:00
34.95524865,21.92147402,25.0142794,7.242654862,19.78305492,Low,2024-10-04T22:00:00
38.7896036,41.31376936,30.33998554,7.636963587,23.18883188,Low,2024-10-04T23:00:00
65.07187334,22.60216207,35.588738,6.836958369,19.70885094,High,2024-10-05T00:00:00
68.21516597,29.43418517,35.70678399,6.975590647,12.89928923,High,2024-10-05T01:00:00
41.49133915,47.30651749,38.31578901,6.491675413,9.162676198,Moderate,2024-10-05T02:00:00
56.84585001,24.64961012,39.98377438,7.084886691,13.37216963,High,2024-10-05T03:00:00
40.91930915,45.13919,39.41591468,6.582310574,18.79001314,Moderate,2024-10-05T04:00:00
40.40177003,47.19908169,40.05490773,6.29110182,18.14838878,Moderate,2024-10-05T05:00:00
42.79959727,44.7191918,32.76840624,7.529345277,23.94976576,Moderate,2024-10-05T06:00:00
35.9022231,51.49051324,30.4639869,6.768448055,15.61014341,Low,2024-10-05T07:00:00
66.04814186,35.28959024,35.9497457,7.255366559,16.11068701,High,2024-10-05T08:00:00
63.57252166,34.4306792,36.4318309,7.025634951,18.67394127,High,2024-10-05T09:00:00
31.92447475,34.19408146,27.92377532,7.661695831,8.815589815,Low,2024-10-05T10:00:00
48.83997381,48.98765068,37.68112183,6.670535822,10.12987752,Moderate,2024-10-05T11:00:00
38.89297129,34.50538955,28.43579427,7.092811916,5.67142221,Low,2024-10-05T12:00:00
55.09958287,36.41651632,36.80029052,6.954470527,12.73806821,High,2024-10-05T13:00:00
48.81843349,57.40867448,26.52117339,7.453862286,15.82694652,Moderate,2024-10-05T14:00:00
41.19652103,35.1521674,40.70337046,7.726724429,21.47779505,Moderate,2024-10-05T15:00:00
34.255802,34.18508993,25.30442182,7.009231875,19.58879947,Low,2024-10-05T16:00:00
41.62810117,42.90671746,34.23715367,7.893539022,17.87397048,Moderate,2024-10-05T17:00:00
46.26010143,45.60105664,40.24259547,7.847946206,21.29166329,Moderate,2024-10-05T18:00:00
49.28399162,30.85960655,32.02416083,6.121043644,19.37832468,Moderate,2024-10-05T19:00:00
60.9261901,26.86101982,37.36788177,7.268672907,14.27829546,High,2024-10-05T20:00:00
36.76393108,57.2919627,40.64805207,7.29153283,17.87180789,Low,2024-10-05T21:00:00
39.55477566,33.45752545,33.62072017,7.475243149,13.1172718,Low,2024-10-05T22:00:00
48.75374855,56.88157846,26.94608746,7.575984345,11.4068065,Moderate,2024-10-05T23:00:00
53.72010432,34.63116418,39.84075688,6.974134338,15.83876022,High,2024-10-06T00:00:00
37.47623325,22.69807148,37.73121779,6.062203209,13.47943312,Low,2024-10-06T01:00:00
34.3503562,54.98741248,35.27683652,6.516922156,15.87840476,Low,2024-10-06T02:00:00
35.390325,40.99285089,40.58562179,6.725470712,15.14209622,Low,2024-10-06T03:00:00
47.76686373,49.17802139,44.95349318,6.452614055,16.81699376,Moderate,2024-10-06T04:00:00
44.85537639,35.89309029,30.71233817,6.610040237,7.145477103,Moderate,2024-10-06T05:00:00
34.12861832,39.00412999,33.01456997,7.943361683,18.35907397,Low,2024-10-06T06:00:00
57.0185276,33.0632673,35.38335018,7.300683354,15.18692,High,2024-10-06T07:00:00
53.30938289,32.76479983,38.55926646,7.284616142,17.6944152,High,2024-10-06T08:00:00
44.00737421,33.99486454,27.14907588,7.861696137,6.715837871,Moderate,2024-10-06T09:00:00
31.4850784,29.39434338,38.29348416,6.046572338,15.99518448,Low,2024-10-06T10:00:00
35.4625924,29.61902395,30.49368139,7.688792234,17.54727852,Low,2024-10-06T11:00:00
42.70833197,39.37824147,38.3817699,7.616389912,20.00945407,Moderate,2024-10-06T12:00:00
58.39557527,26.10025014,36.29918251,7.176985272,18.88723044,High,2024-10-06T13:00:00
57.44520874,38.64743851,36.78447176,7.007193658,11.61557537,High,2024-10-06T14:00:00
40.24568243,36.34265931,33.02918203,6.390269781,20.57820413,Moderate,2024-10-06T15:00:00
53.93809549,29.86424548,35.70295281,7.134518106,15.66144751,High,2024-10-06T16:00:00
45.83074497,51.40527255,40.63925315,6.651595939,8.35194176,Moderate,2024-10-06T17:00:00
63.94258857,38.30712377,38.33000252,7.325491391,13.68024925,High,2024-10-06T18:00:00
40.26401467,51.48782388,29.03906143,6.509770477,19.86295567,Moderate,2024-10-06T19:00:00
49.69904008,34.53279511,41.51569815,6.682077855,12.31420421,Moderate,2024-10-06T20:00:00
66.39759704,31.1150116,35.75427621,7.031895227,12.98871286,High,2024-10-06T21:00:00
53.46938687,35.74223535,35.94540176,7.100549692,11.80764704,High,2024-10-06T22:00:00
42.97532849,42.74903318,34.28581762,7.124037914,7.546126812,Moderate,2024-10-06T23:00:00
42.83705021,44.45378899,31.29555344,6.986161161,13.6843724,Moderate,2024-10-07T00:00:00
65.39496435,34.36858826,37.3629909,7.298002981,11.28437242,High,2024-10-07T01:00:00
59.06435775,23.96163644,38.49079565,7.283457797,12.11403861,High,2024-10-07T02:00:00
55.55408187,29.2331249,39.64242744,7.168954863,16.49682802,High,2024-10-07T03:00:00
38.34725967,32.11140143,43.30904811,7.639318597,5.027799265,Low,2024-10-07T04:00:00
37.53157238,47.94307168,36.69927476,6.217523369,5.333338119,Low,2024-10-07T05:00:00
42.91293215,42.67807452,39.74797235,7.770988913,5.493616741,Moderate,2024-10-07T06:00:00
66.27405296,21.97013066,38.17814766,7.117751242,13.67242618,High,2024-10-07T07:00:00
38.721143,42.55350084,34.76774695,6.912575521,20.96126077,Low,2024-10-07T08:00:00
39.69177923,48.83569489,29.89952153,7.152341713,9.94688192,Low,2024-10-07T09:00:00
43.02800798,41.62541666,30.2911823,7.060081239,10.63965636,Moderate,2024-10-07T10:00:00
62.88978425,24.24025498,39.77913887,7.221598632,11.96390144,High,2024-10-07T11:00:00
58.24665674,29.24724017,38.35035836,7.150950103,11.66550231,High,2024-10-07T12:00:00
46.03923529,46.86096632,34.20090655,7.225314571,7.093220826,Moderate,2024-10-07T13:00:00
41.75707097,33.53491717,25.36726254,7.76936883,11.47800814,Moderate,2024-10-07T14:00:00
48.11352673,44.30489553,35.85891314,6.962469169,23.04219875,Moderate,2024-10-07T15:00:00
42.37523678,54.22511706,34.85943712,6.846572656,16.58893537,Moderate,2024-10-07T16:00:00
52.9528905,34.41956198,37.33437657,6.871742128,13.86086623,High,2024-10-07T17:00:00
47.1548256,49.45034471,25.71660657,7.319687928,13.34494904,Moderate,2024-10-07T18:00:00
59.73320694,22.51938676,35.07266005,6.935946291,16.53240484,High,2024-10-07T19:00:00
34.68957337,42.63473284,43.82302363,7.139077711,11.55981928,Low,2024-10-07T20:00:00
35.9978487,24.24595328,32.25670784,7.952370531,17.9396043,Low,2024-10-07T21:00:00
63.02957291,25.70562415,36.76263105,7.137202235,13.59447047,High,2024-10-07T22:00:00
50.84472951,32.39741568,39.18167356,6.991755505,13.60172074,High,2024-10-07T23:00:00
61.80684529,26.83207948,35.27641561,7.092534908,16.26259156,High,2024-10-08T00:00:00
38.30568134,46.5393937,26.95318879,6.10301524,7.952692632,Low,2024-10-08T01:00:00
31.14455536,27.79447961,40.63007713,7.437267399,22.64858056,Low,2024-10-08T02:00:00
50.62910881,29.96505817,38.79030244,7.032122581,12.35131969,High,2024-10-08T03:00:00
30.17076161,21.33333673,41.40680468,7.810485555,7.234488001,Low,2024-10-08T04:00:00
33.8724592,23.77430227,37.43990152,7.255612856,13.87011209,Low,2024-10-08T05:00:00
43.98426712,43.36788857,26.89890988,6.824959439,14.45450024,Moderate,2024-10-08T06:00:00
49.63903208,50.70287042,38.02852216,7.292287973,7.661890681,Moderate,2024-10-08T07:00:00
37.81835719,56.45179091,38.5761792,6.187931721,18.27969267,Low,2024-10-08T08:00:00
51.5798885,36.73880729,36.58478899,7.153434513,16.11327504,High,2024-10-08T09:00:00
43.1471563,22.45477622,44.12756778,6.788311681,22.46082263,Moderate,2024-10-08T10:00:00
45.09269836,57.80378453,39.75297388,6.044509292,8.638952948,Moderate,2024-10-08T11:00:00
40.08432551,34.50972326,27.66227814,7.549198374,19.31222222,Moderate,2024-10-08T12:00:00
63.64324639,36.55112736,35.95810474,7.242175626,18.47932525,High,2024-10-08T13:00:00
41.63153176,23.75666764,37.50686833,7.800450705,5.596627841,Moderate,2024-10-08T14:00:00
40.14590331,23.77051153,26.65667062,7.531200037,12.56782327,Moderate,2024-10-08T15:00:00
32.10028069,55.37534432,30.31279055,6.640830767,18.99764433,Low,2024-10-08T16:00:00
36.53138888,46.44232574,34.81396368,6.455268051,5.230412051,Low,2024-10-08T17:00:00
49.87310297,54.26003548,44.68180551,7.481639538,15.5352773,Moderate,2024-10-08T18:00:00
69.17468035,27.10237828,38.73377659,7.258928475,12.09054015,High,2024-10-08T19:00:00
57.61533096,32.79994836,37.96314029,6.98973376,19.017388,High,2024-10-08T20:00:00
45.85137551,49.2440001,38.65292564,6.963049725,17.40861088,Moderate,2024-10-08T21:00:00
35.4191485,53.14653051,30.94521343,6.167559164,18.14049761,Low,2024-10-08T22:00:00
62.38619243,20.7149452,35.48914491,7.226240949,15.38253286,High,2024-10-08T23:00:00
52.4288165,28.94879048,39.04512022,7.220552207,13.35280619,High,2024-10-09T00:00:00
60.87506347,28.37261518,35.63282274,6.912522197,13.35150335,High,2024-10-09T01:00:00
57.14896011,30.97741062,37.83246025,6.889608928,11.44960575,High,2024-10-09T02:00:00
31.98358912,23.45436341,27.1480069,6.400511046,10.57752002,Low,2024-10-09T03:00:00
40.52597503,36.62368368,25.91163405,7.431997698,8.381639624,Moderate,2024-10-09T04:00:00
60.32223523,30.93149405,35.9199909,7.16815024,17.00474444,High,2024-10-09T05:00:00
30.8187624,42.41798055,37.06440956,6.371497638,20.89507882,Low,2024-10-09T06:00:00
32.5550272,33.84493202,41.3839959,6.973207839,12.56837404,Low,2024-10-09T07:00:00
64.20790111,27.28417137,35.63634647,7.068727863,18.02871587,High,2024-10-09T08:00:00
65.54836476,27.2552264,35.16931065,7.248629055,19.31407075,High,2024-10-09T09:00:00
60.48923269,39.49508403,38.34604929,7.08776769,11.21509908,High,2024-10-09T10:00:00
55.2152074,37.06219866,35.59812029,7.059982948,14.00340548,High,2024-10-09T11:00:00
34.53854236,25.46240197,32.92960588,6.492231799,19.51389857,Low,2024-10-09T12:00:00
40.55481217,53.75869472,25.7707795,6.692970488,18.15188627,Moderate,2024-10-09T13:00:00
43.14407638,44.99240843,38.60231394,6.082310128,23.21441964,Moderate,2024-10-09T14:00:00
42.49090964,20.4525706,33.87709158,7.088418685,22.15471779,Moderate,2024-10-09T15:00:00
61.20753018,38.55475029,35.21543715,7.303585716,16.61955066,High,2024-10-09T16:00:00
44.97986125,33.31915363,34.82556511,6.226356986,5.957620321,Moderate,2024-10-09T17:00:00
51.76975654,35.53354385,38.6863907,7.052201617,15.19839718,High,2024-10-09T18:00:00
37.25955656,51.78634623,31.35476395,7.967187757,23.55936092,Low,2024-10-09T19:00:00
60.42595197,25.03241662,38.43807406,7.08129492,14.29375338,High,2024-10-09T20:00:00
51.64474893,24.16658042,38.78886586,7.202819065,17.24087718,High,2024-10-09T21:00:00
41.34142928,28.98485425,25.05922903,7.395285467,9.426578119,Moderate,2024-10-09T22:00:00
46.74549955,24.9651899,33.79431428,6.382119092,11.38269224,Moderate,2024-10-09T23:00:00
35.45583413,24.46339213,38.03636007,7.684897234,5.968677872,Low,2024-10-10T00:00:00
47.23333247,20.55180318,33.49755451,7.611486825,5.847497772,Moderate,2024-10-10T01:00:00
45.92160036,30.36630839,30.13602278,7.05208792,7.554636086,Moderate,2024-10-10T02:00:00
31.98845386,54.85448863,32.32471237,6.500586995,14.03060409,Low,2024-10-10T03:00:00
35.85882531,46.85062469,32.66560058,7.116052007,15.05298397,Low,2024-10-10T04:00:00
49.89077639,49.28297086,39.08212691,6.112424969,7.148161006,Moderate,2024-10-10T05:00:00
61.78569818,28.92665494,37.01535893,6.930175239,16.07450055,High,2024-10-10T06:00:00
48.42490396,24.49032062,26.4563074,7.576796728,15.98027036,Moderate,2024-10-10T07:00:00
43.33079214,35.39097539,25.51816388,7.743341743,19.1514384,Moderate,2024-10-10T08:00:00
53.48896514,33.73765128,37.46321482,7.222477093,18.69760556,High,2024-10-10T09:00:00
35.63498214,29.35904207,29.28256655,6.946526082,12.2472424,Low,2024-10-10T10:00:00
47.00190393,34.28510418,32.2240212,6.654380133,5.902717159,Moderate,2024-10-10T11:00:00
52.08697641,36.01846577,39.34991032,6.900972767,12.64320007,High,2024-10-10T12:00:00
37.61819074,32.3328405,41.70762027,7.295050469,23.03304639,Low,2024-10-10T13:00:00
69.4199631,38.69303204,37.18687942,7.058437779,10.27819886,High,2024-10-10T14:00:00
40.4841616,25.64410047,39.77108624,6.67968275,10.79820734,Moderate,2024-10-10T15:00:00
38.66492833,30.91580206,35.96242165,7.610792796,20.17644301,Low,2024-10-10T16:00:00
31.09642145,38.02835879,36.3273924,6.734169035,18.40486589,Low,2024-10-10T17:00:00
47.09082527,39.70354166,27.49719393,7.087150148,9.664919183,Moderate,2024-10-10T18:00:00
55.339107,28.07659806,37.21895373,6.98169217,14.11113434,High,2024-10-10T19:00:00
45.91879708,27.19620832,28.02190777,7.774316828,15.40129077,Moderate,2024-10-10T20:00:00
61.20680143,31.30905821,39.09816149,7.284252471,11.1294585,High,2024-10-10T21:00:00
55.34060629,38.73614379,39.79967027,6.800476743,18.2773489,High,2024-10-10T22:00:00
47.04197844,43.59776981,31.26045958,7.002967015,23.71039937,Moderate,2024-10-10T23:00:00
53.11392939,36.3840629,39.78614478,7.393000946,19.29403066,High,2024-10-11T00:00:00
35.00816548,23.76557485,44.72820698,6.466734893,9.127523352,Low,2024-10-11T01:00:00
47.99660386,59.61927359,28.60420366,7.669413483,8.595441645,Moderate,2024-10-11T02:00:00
36.12815047,35.28025256,42.03143401,6.210602008,8.304470289,Low,2024-10-11T03:00:00
52.46498014,21.72995067,36.58444546,7.19195432,11.16807314,High,2024-10-11T04:00:00
46.30925964,59.7428697,33.12636288,6.285541161,8.984169903,Moderate,2024-10-11T05:00:00
46.20799282,55.11011976,35.42720206,7.229465826,9.246415961,Moderate,2024-10-11T06:00:00
32.54369603,48.92074739,31.45558512,7.194509685,12.77250926,Low,2024-10-11T07:00:00
53.40096321,29.55596986,39.37263895,7.229913007,15.82566986,High,2024-10-11T08:00:00
41.7954069,45.74260359,33.71179817,7.089045455,21.72277405,Moderate,2024-10-11T09:00:00
44.32239778,42.95642492,43.03154257,7.96597705,16.23351507,Moderate,2024-10-11T10:00:00
65.59765351,39.33554902,35.02442032,7.279603981,13.44996759,High,2024-10-11T11:00:00
45.95690644,45.50091046,37.36249074,7.709223341,6.499666057,Moderate,2024-10-11T12:00:00
65.96100431,26.79867048,38.30225945,6.856031146,19.353767,High,2024-10-11T13:00:00
31.18409893,52.10977421,32.24500327,7.788005452,14.0410955,Low,2024-10-11T14:00:00
38.65121496,30.92498894,31.39696733,6.920191691,11.90981614,Low,2024-10-11T15:00:00
42.49866918,33.52167779,33.20736743,6.497193298,7.276614233,Moderate,2024-10-11T16:00:00
68.21607147,26.06944916,36.75132444,7.230423418,10.47649177,High,2024-10-11T17:00:00
59.12694003,30.82463141,38.30238698,7.364847197,18.47890791,High,2024-10-11T18:00:00
63.2993648,35.89438796,37.92561644,7.076530004,18.91617947,High,2024-10-11T19:00:00
45.06933591,26.12759361,34.58700816,7.355026134,14.54382757,Moderate,2024-10-11T20:00:00
36.93177639,50.26739246,42.42802102,6.54559922,6.551558536,Low,2024-10-11T21:00:00
37.21737298,51.79819377,39.66127223,7.079270184,7.460519896,Low,2024-10-11T22:00:00
42.56888512,39.91383974,30.27818283,6.243072217,8.600675298,Moderate,2024-10-11T23:00:00
39.01534899,42.33994526,31.26057202,7.099160003,11.16960991,Low,2024-10-12T00:00:00
31.58673717,45.90101144,42.21559065,7.990222981,6.272160311,Low,2024-10-12T01:00:00
30.29959273,20.3725388,38.19231117,7.087036213,15.94937996,Low,2024-10-12T02:00:00
38.83501832,39.31930759,44.79389533,7.502622284,13.60437244,Low,2024-10-12T03:00:00
31.51699444,37.96423212,42.11649057,6.245120206,17.0885592,Low,2024-10-12T04:00:00
38.12391451,53.21500399,34.45207759,7.553205209,9.377656173,Low,2024-10-12T05:00:00
68.16630173,30.79150151,35.81940439,7.205559929,17.47946207,High,2024-10-12T06:00:00
53.79039967,38.5414115,35.41971823,7.031871081,16.2380211,High,2024-10-12T07:00:00
67.68668928,34.52800261,36.35819582,6.871981331,17.64549115,High,2024-10-12T08:00:00
32.6969305,37.87561972,39.07801691,6.612390158,15.34796058,Low,2024-10-12T09:00:00
43.71151783,41.6721784,25.92156033,6.238335913,14.17749312,Moderate,2024-10-12T10:00:00
42.57626604,40.61664482,41.51602519,7.049419597,16.37100127,Moderate,2024-10-12T11:00:00
45.06042638,51.89685326,27.40440712,7.612293575,24.11118543,Moderate,2024-10-12T12:00:00
30.11472144,41.4896533,28.67545742,6.776522671,24.51906673,Low,2024-10-12T13:00:00
62.83681727,31.64365775,39.64524625,6.846994363,17.16141709,High,2024-10-12T14:00:00
41.47016185,25.13470555,35.97572749,7.784577641,20.28629151,Moderate,2024-10-12T15:00:00
68.22723862,37.1203454,35.59712163,7.331795764,15.98078169,High,2024-10-12T16:00:00
33.0884121,47.5901755,43.89267231,7.333087813,15.49806392,Low,2024-10-12T17:00:00
35.18392251,38.49641909,38.28697327,6.324828057,24.92679099,Low,2024-10-12T18:00:00
41.44647733,28.73715677,30.07681903,6.248874443,23.2209383,Moderate,2024-10-12T19:00:00
36.49003711,36.59514373,34.69875591,7.704279111,9.690113861,Low,2024-10-12T20:00:00
48.1091873,42.07113794,40.33451723,6.698045091,18.06320821,Moderate,2024-10-12T21:00:00
67.35208608,28.13756027,39.6075216,7.038816685,17.68770765,High,2024-10-12T22:00:00
37.82581987,52.16266593,35.66325997,7.121339328,6.829187014,Low,2024-10-12T23:00:00
37.57989462,21.35856695,38.54843113,6.725815533,13.06779172,Low,2024-10-13T00:00:00
47.12165245,40.70667446,40.99687396,6.790824612,10.27803181,Moderate,2024-10-13T01:00:00
37.73976799,42.6028072,30.6611987,7.344298476,11.4099093,Low,2024-10-13T02:00:00
64.35466429,26.99795023,38.94682707,7.013459477,13.11919963,High,2024-10-13T03:00:00
32.16749804,30.79482082,26.47880464,7.912899651,23.30964373,Low,2024-10-13T04:00:00
38.18349121,34.9071121,44.24458225,7.48168188,19.67830083,Low,2024-10-13T05:00:00
46.89040741,59.70417616,27.74785342,7.514481246,8.735073171,Moderate,2024-10-13T06:00:00
69.54288191,28.53793604,37.19892996,7.265981983,14.27908724,High,2024-10-13T07:00:00
49.33198543,40.06917909,41.96648718,7.432227754,24.82969709,Moderate,2024-10-13T08:00:00
33.02755899,46.2568596,39.4864597,6.99752461,5.356332454,Low,2024-10-13T09:00:00
64.18128569,32.32467014,35.02234402,7.375352639,14.99591667,High,2024-10-13T10:00:00
30.82233918,49.28642605,38.17007323,6.62177991,15.19870826,Low,2024-10-13T11:00:00
64.24055332,37.53880886,38.06279514,7.02967811,19.10706376,High,2024-10-13T12:00:00
50.86350726,24.77969054,37.63966405,6.993343199,15.85661044,High,2024-10-13T13:00:00
62.1268618,38.62130252,35.8709994,6.951722259,13.69499527,High,2024-10-13T14:00:00
31.04077232,24.31614061,35.8874699,7.491338845,11.08976675,Low,2024-10-13T15:00:00
64.71340066,21.33329417,38.16407178,7.396502322,14.35620152,High,2024-10-13T16:00:00
44.43105581,56.18062232,25.18387368,7.309166822,8.876107764,Moderate,2024-10-13T17:00:00
64.37655079,33.37996645,38.89925567,6.993528087,11.33573143,High,2024-10-13T18:00:00
37.94395863,49.86113579,44.09529591,7.461648664,20.16602239,Low,2024-10-13T19:00:00
52.96934391,24.29644605,38.34293298,6.991071243,19.77213287,High,2024-10-13T20:00:00
60.36259788,29.61122456,38.43412033,7.22156072,18.26296751,High,2024-10-13T21:00:00
45.96627173,58.61716729,44.55851757,7.930105466,7.836348169,Moderate,2024-10-13T22:00:00
48.52207344,34.79119095,40.62843732,7.498187867,10.06705582,Moderate,2024-10-13T23:00:00
67.48301549,38.27173642,36.76884875,7.157135273,16.50395546,High,2024-10-14T00:00:00
66.92047781,33.72685833,39.90824117,7.354459435,16.97320625,High,2024-10-14T01:00:00
30.1410502,56.50665014,37.52917075,7.298152478,24.96641567,Low,2024-10-14T02:00:00
57.15439582,30.42349526,36.71573967,7.251929813,15.18744024,High,2024-10-14T03:00:00
52.97331671,36.68194925,37.2727923,6.959041872,12.20053557,High,2024-10-14T04:00:00
36.81960816,28.48552342,40.09552534,6.754376878,12.22809464,Low,2024-10-14T05:00:00
44.2281665,36.38663376,42.5705614,7.027193881,8.308761594,Moderate,2024-10-14T06:00:00
47.43665225,24.40752888,31.87179028,6.209127577,12.30215715,Moderate,2024-10-14T07:00:00
31.19319558,22.37001796,43.57351477,7.802287215,5.590170015,Low,2024-10-14T08:00:00
45.38302747,31.65350509,32.98330413,7.564461418,18.58168471,Moderate,2024-10-14T09:00:00
32.86197379,55.50530591,30.91798731,7.388213541,18.90698765,Low,2024-10-14T10:00:00
52.65811559,32.08141472,36.61298676,6.844671554,14.81862065,High,2024-10-14T11:00:00
38.46445121,27.19630159,28.33197608,6.263598014,9.248195936,Low,2024-10-14T12:00:00
44.88686858,39.40941207,40.57419795,6.002373206,5.029896744,Moderate,2024-10-14T13:00:00
43.31817574,46.6465394,32.65769404,6.695906123,15.23029899,Moderate,2024-10-14T14:00:00
33.57513575,35.11008062,43.69529157,6.74280573,8.786421523,Low,2024-10-14T15:00:00
40.76718455,35.7318156,28.91073033,7.007963872,6.057201525,Moderate,2024-10-14T16:00:00
65.20766202,27.31530056,35.67820589,6.807298489,13.34101557,High,2024-10-14T17:00:00
42.99803042,45.21802241,29.25903823,6.554500713,7.573409418,Moderate,2024-10-14T18:00:00
48.184333,47.14909978,29.59648164,6.670412652,12.81532297,Moderate,2024-10-14T19:00:00
55.68759112,24.2987813,35.31913507,6.839379446,18.32681345,High,2024-10-14T20:00:00
33.89148672,27.87650751,29.38523402,7.716107232,11.33276032,Low,2024-10-14T21:00:00
51.27091221,39.55503934,36.03264618,7.233022628,13.81024548,High,2024-10-14T22:00:00
41.99583744,27.8199923,33.66406909,7.900201768,12.46776319,Moderate,2024-10-14T23:00:00
46.92730678,20.03162754,33.56314422,7.519709775,24.73975831,Moderate,2024-10-15T00:00:00
34.30553085,34.23514022,41.25970884,6.984340532,15.39488495,Low,2024-10-15T01:00:00
36.5422616,55.3227725,37.3409596,7.961301316,6.385819738,Low,2024-10-15T02:00:00
42.31415522,37.21261902,39.47324374,6.617818285,18.64862447,Moderate,2024-10-15T03:00:00
33.94850779,30.23694079,34.74174902,7.743476989,21.71640536,Low,2024-10-15T04:00:00
64.05138292,30.99078562,38.42212788,7.329502796,16.96795667,High,2024-10-15T05:00:00
39.30868747,53.7011662,41.36865839,7.773030513,8.44952708,Low,2024-10-15T06:00:00
34.12251062,53.35338967,44.59632124,6.906228738,19.58015816,Low,2024-10-15T07:00:00
33.16579677,41.95014536,35.58624991,6.711953855,12.40346545,Low,2024-10-15T08:00:00
65.10515971,30.23832533,39.10766929,7.074278181,12.28009215,High,2024-10-15T09:00:00
41.85839836,41.22652475,34.69685669,6.47055102,14.61493858,Moderate,2024-10-15T10:00:00
35.8825218,28.90753748,38.51849338,6.332218675,8.123177275,Low,2024-10-15T11:00:00
56.64912567,27.47955673,39.67613179,6.845837544,15.49015749,High,2024-10-15T12:00:00
36.10997902,30.76508911,42.41265514,7.043678339,19.70813474,Low,2024-10-15T13:00:00
43.1753165,48.91846239,25.10025571,7.127578562,16.80828558,Moderate,2024-10-15T14:00:00
35.91158404,57.06997161,35.2116919,7.935005254,11.88198398,Low,2024-10-15T15:00:00
66.38475531,28.30013409,38.09098007,6.842694525,19.83231111,High,2024-10-15T16:00:00
39.32983065,39.61364754,29.62452336,7.678705231,6.10358806,Low,2024-10-15T17:00:00
49.3874657,37.55792627,35.79604417,6.285342795,7.648625202,Moderate,2024-10-15T18:00:00
42.19031012,42.85806439,40.60843582,6.64668299,23.70501342,Moderate,2024-10-15T19:00:00
49.51816396,54.92841287,34.67219828,6.585880951,13.84442735,Moderate,2024-10-15T20:00:00
41.94909836,43.01405506,42.19436036,7.187903401,7.391586091,Moderate,2024-10-15T21:00:00
63.8235065,26.96527369,38.09774609,6.894955257,19.37666321,High,2024-10-15T22:00:00
56.20002239,22.44728617,38.49727514,6.806765032,19.77411957,High,2024-10-15T23:00:00
35.79011822,22.02045414,36.03404865,6.753015318,21.80191696,Low,2024-10-16T00:00:00
45.19896429,27.1158565,30.31630989,7.876270924,18.37205111,Moderate,2024-10-16T01:00:00
68.3336272,30.15486598,36.71716301,7.135361635,11.08323545,High,2024-10-16T02:00:00
56.31662408,21.56000359,36.97719272,7.225841198,16.09939048,High,2024-10-16T03:00:00
45.34560258,50.14955993,31.24815528,7.021258661,15.25323788,Moderate,2024-10-16T04:00:00
49.40187831,48.63500705,29.46526555,6.80257465,24.21617904,Moderate,2024-10-16T05:00:00
61.21578733,28.97520758,39.48867071,7.240476809,17.92131862,High,2024-10-16T06:00:00
35.46896225,25.51807359,26.23283787,7.539690689,8.348603061,Low,2024-10-16T07:00:00
50.7260175,21.26002559,38.80006108,7.313617843,12.39458604,High,2024-10-16T08:00:00
57.65500493,33.88648786,37.2651885,7.368674081,16.27931451,High,2024-10-16T09:00:00
62.95697102,21.98713386,38.38420133,7.227575345,16.11197326,High,2024-10-16T10:00:00
44.27905062,49.93420896,42.77537523,7.376008725,22.41676609,Moderate,2024-10-16T11:00:00
32.12545091,44.20790972,43.51227408,6.82584976,11.80898796,Low,2024-10-16T12:00:00
69.97550645,35.0031092,39.71001772,6.803642255,19.90783644,High,2024-10-16T13:00:00
47.50541969,48.12669712,33.06888543,7.507283678,23.69480075,Moderate,2024-10-16T14:00:00
49.84788292,48.41803115,35.60341823,7.188868595,17.64123825,Moderate,2024-10-16T15:00:00
35.29851249,53.26771761,33.04863712,7.380687766,24.85629358,Low,2024-10-16T16:00:00
39.40352808,54.45804051,28.20656491,7.956374738,22.40161206,Low,2024-10-16T17:00:00
43.84256992,36.87145858,33.35885795,7.724409988,18.81768889,Moderate,2024-10-16T18:00:00
68.40312306,27.18764877,36.42712446,7.017552235,10.91744124,High,2024-10-16T19:00:00
35.41588786,48.88393504,30.33455328,6.642110303,17.97960257,Low,2024-10-16T20:00:00
41.80897157,45.16752027,36.54267404,7.923282559,24.94918827,Moderate,2024-10-16T21:00:00
33.70961464,31.21107127,32.69207825,6.201283976,5.9735574,Low,2024-10-16T22:00:00
49.07672234,21.41757084,33.73679638,6.591100019,14.3035546,Moderate,2024-10-16T23:00:00
47.8280939,37.55334398,44.77910918,7.619530531,24.01169974,Moderate,2024-10-17T00:00:00
35.85582512,59.52842682,25.45199178,7.272866759,20.83706721,Low,2024-10-17T01:00:00
42.91191932,45.27452336,42.795548,7.566679867,10.94808798,Moderate,2024-10-17T02:00:00
52.85434318,32.02495475,36.3628,6.955718873,13.061445,High,2024-10-17T03:00:00
45.3635602,45.01909224,36.50053392,6.921450662,22.99065021,Moderate,2024-10-17T04:00:00
40.15959615,59.36806288,31.65403547,6.449004398,9.79707549,Moderate,2024-10-17T05:00:00
65.46361976,34.30744565,37.26556994,6.824675022,11.93279095,High,2024-10-17T06:00:00
33.38913317,27.39748781,28.67547572,6.38239888,8.411463522,Low,2024-10-17T07:00:00
47.46919878,43.09605485,29.45018055,7.191085586,12.37340045,Moderate,2024-10-17T08:00:00
37.3349781,45.47080392,30.22924947,6.559872276,7.863006851,Low,2024-10-17T09:00:00
35.49660974,20.81811189,31.55931314,6.04842531,10.56782703,Low,2024-10-17T10:00:00
69.61235937,32.29761673,38.52655141,7.172916773,18.34118788,High,2024-10-17T11:00:00
56.55737954,36.60716742,37.16865758,7.322929941,17.80800473,High,2024-10-17T12:00:00
42.44640438,51.78719764,33.42217904,6.481355036,5.817617912,Moderate,2024-10-17T13:00:00
30.71467843,44.8575575,31.21798592,6.236136192,11.64914244,Low,2024-10-17T14:00:00
46.53464457,56.38413325,40.01002931,6.098852197,7.165841005,Moderate,2024-10-17T15:00:00
47.80811712,53.83406508,36.26348157,6.24582947,6.997255161,Moderate,2024-10-17T16:00:00
37.85803548,53.32062541,41.30238438,7.404676951,6.118978825,Low,2024-10-17T17:00:00
32.94261814,41.0908518,42.71187246,6.602407694,22.84052682,Low,2024-10-17T18:00:00
30.94943484,38.76114654,36.93334414,7.808525812,11.25888119,Low,2024-10-17T19:00:00
65.55098953,30.82853194,39.54942127,6.901372369,18.62344359,High,2024-10-17T20:00:00
65.28351706,32.64833438,39.56916487,7.263790927,14.47778178,High,2024-10-17T21:00:00
43.89078679,37.14450472,27.72019474,7.510733029,15.89608313,Moderate,2024-10-17T22:00:00
58.29600767,34.02933661,35.72147286,7.000815205,15.87533494,High,2024-10-17T23:00:00
40.26040334,53.03846682,30.69986745,7.311026639,16.51853806,Moderate,2024-10-18T00:00:00
40.49247897,58.51163399,30.92416008,6.943992116,18.3612405,Moderate,2024-10-18T01:00:00
42.16708691,37.5012891,32.19682929,6.981544108,23.88422418,Moderate,2024-10-18T02:00:00
40.71334704,32.85496205,33.02584313,6.721221776,21.45950615,Moderate,2024-10-18T03:00:00
36.7065558,40.18119693,28.9134632,7.079891456,6.46742901,Low,2024-10-18T04:00:00
36.26999753,47.19102742,35.92066139,7.295137048,23.56382474,Low,2024-10-18T05:00:00
63.02163341,29.62398525,37.53285902,7.202372986,14.34436365,High,2024-10-18T06:00:00
38.26504377,56.53291763,32.5151958,6.722743476,10.41699741,Low,2024-10-18T07:00:00
49.3953497,51.75296883,38.36773166,6.645724676,14.96388407,Moderate,2024-10-18T08:00:00
30.48332189,21.1309157,28.82579298,7.876112574,14.18083661,Low,2024-10-18T09:00:00
46.71538028,47.40961388,42.58468929,6.981351233,8.455787512,Moderate,2024-10-18T10:00:00
41.07288398,45.1915384,34.79368743,6.023334411,11.22997252,Moderate,2024-10-18T11:00:00
45.18337792,29.32902183,33.32092179,7.275555974,22.91386009,Moderate,2024-10-18T12:00:00
38.22943003,57.2495722,25.00682547,7.554739915,8.446565157,Low,2024-10-18T13:00:00
42.01343242,33.12510358,32.30731574,6.76392753,9.093424828,Moderate,2024-10-18T14:00:00
33.23166509,37.66777619,32.66217987,6.432098581,9.944552844,Low,2024-10-18T15:00:00
44.35980925,58.06936905,34.08857529,7.902383461,19.8808114,Moderate,2024-10-18T16:00:00
60.20573448,28.82948882,37.14098701,7.361230779,12.51744487,High,2024-10-18T17:00:00
49.28539517,40.35927846,25.63589327,7.929699674,21.98046915,Moderate,2024-10-18T18:00:00
47.02909041,25.88552768,37.6613761,7.457827828,6.54375187,Moderate,2024-10-18T19:00:00
56.2257343,21.85396323,38.22556164,6.82353919,18.62620855,High,2024-10-18T20:00:00
61.35188998,28.12106761,37.66268311,7.348966104,18.79680445,High,2024-10-18T21:00:00
57.8881103,32.97796327,38.68067945,7.15814236,12.42119738,High,2024-10-18T22:00:00
34.20957699,36.18488935,31.23173875,6.54700945,16.42060847,Low,2024-10-18T23:00:00
50.95096345,31.14128473,39.68011203,7.398177444,15.88936353,High,2024-10-19T00:00:00
68.96908915,32.40943919,37.98127288,7.284094121,18.78796227,High,2024-10-19T01:00:00
60.9340682,31.77896845,37.23244445,6.970862413,17.07823236,High,2024-10-19T02:00:00
38.7823797,35.22433014,40.51968911,7.208448048,18.49193538,Low,2024-10-19T03:00:00
50.38138853,27.25871216,38.71902867,7.053861121,13.84435757,High,2024-10-19T04:00:00
38.2040758,37.05996913,31.6224761,6.039898886,11.45461158,Low,2024-10-19T05:00:00
39.34162373,36.52541614,30.06652663,6.400742128,16.27952354,Low,2024-10-19T06:00:00
65.67822919,37.83449843,36.55570407,7.004376005,13.06279566,High,2024-10-19T07:00:00
46.70840441,47.45595332,36.23405114,7.797467771,16.04447174,Moderate,2024-10-19T08:00:00
35.12615983,28.77938134,31.74872915,7.388855244,5.922354207,Low,2024-10-19T09:00:00
44.73214491,24.6279086,28.49369001,7.631042284,21.82038267,Moderate,2024-10-19T10:00:00
66.87526831,38.56027677,35.30579505,7.011036516,12.29564023,High,2024-10-19T11:00:00
39.20155751,37.15500772,27.21910587,6.732122341,14.60442584,Low,2024-10-19T12:00:00
47.97715225,20.21133935,34.50642463,6.478384234,22.30498804,Moderate,2024-10-19T13:00:00
49.14313497,30.80847467,30.46157045,7.512383716,24.08450369,Moderate,2024-10-19T14:00:00
44.06195639,31.07975967,38.52070542,7.528883923,18.64360678,Moderate,2024-10-19T15:00:00
38.42153339,29.50117642,43.56705428,6.494230027,24.28178495,Low,2024-10-19T16:00:00
49.87377712,43.99572351,40.36525104,6.981009091,5.305107728,Moderate,2024-10-19T17:00:00
41.11476755,40.979998,37.06245621,7.180559938,9.191579537,Moderate,2024-10-19T18:00:00
39.55722872,51.31129554,25.08529724,7.345686042,8.447320291,Low,2024-10-19T19:00:00
45.09117398,26.88781368,31.62156868,7.584670273,24.47989981,Moderate,2024-10-19T20:00:00
35.6680228,57.19269649,30.67740105,7.323362587,10.23157674,Low,2024-10-19T21:00:00
32.68216897,21.04125195,31.81680161,7.641745541,21.51451816,Low,2024-10-19T22:00:00
51.47296624,35.65034371,36.34128714,6.838763137,12.49154457,High,2024-10-19T23:00:00
48.14702266,55.59754227,30.9012218,6.317656837,5.662345703,Moderate,2024-10-20T00:00:00
40.67193119,49.51847365,34.5190405,6.59845317,17.33586594,Moderate,2024-10-20T01:00:00
47.6605357,55.22476902,30.58595811,7.757560342,12.30806338,Moderate,2024-10-20T02:00:00
67.1436172,24.26338999,39.37507041,6.879934912,18.07299579,High,2024-10-20T03:00:00
43.50923308,57.99359268,44.22112262,6.570503884,15.91746197,Moderate,2024-10-20T04:00:00
59.43406918,38.8064853,35.92451911,7.19085952,17.96253798,High,2024-10-20T05:00:00
51.42738223,24.06856319,37.38869042,7.216956684,13.7578223,High,2024-10-20T06:00:00
33.08024493,30.07643891,26.78129942,6.390380779,22.98749527,Low,2024-10-20T07:00:00
49.16465118,53.04204093,33.88381259,6.422527692,9.292702097,Moderate,2024-10-20T08:00:00
60.66663155,24.83395714,39.48568661,6.917972283,13.99472427,High,2024-10-20T09:00:00
66.25408871,38.18142817,39.12022055,7.18161116,11.03950312,High,2024-10-20T10:00:00
39.18438508,52.79546244,28.74144287,6.54136551,23.28563594,Low,2024-10-20T11:00:00
43.8320572,47.72327634,37.07546527,6.940982848,14.2135447,Moderate,2024-10-20T12:00:00
33.00645426,28.6223707,35.63256457,7.163958842,8.772394682,Low,2024-10-20T13:00:00
69.23516887,36.25565286,39.42149129,7.097959688,15.68374912,High,2024-10-20T14:00:00
56.00936373,25.36450737,36.33506694,6.903847212,16.1884773,High,2024-10-20T15:00:00
38.64930633,34.32754474,42.04092,6.225238795,16.20310339,Low,2024-10-20T16:00:00
45.31077008,48.47668456,43.42008369,6.476410268,23.92215765,Moderate,2024-10-20T17:00:00
35.95312461,57.66971941,27.69757646,6.456995026,19.04332654,Low,2024-10-20T18:00:00
47.05726248,42.17947414,32.16476788,7.721256795,22.85457688,Moderate,2024-10-20T19:00:00
41.55453602,42.37720074,41.02502285,6.500941737,19.18358963,Moderate,2024-10-20T20:00:00
40.71608264,47.69012487,29.97395022,6.699156751,24.76355423,Moderate,2024-10-20T21:00:00
43.22481914,24.49555698,33.64052159,7.480215425,23.04804073,Moderate,2024-10-20T22:00:00
67.4982193,31.64278873,35.38525634,7.392608252,18.38072849,High,2024-10-20T23:00:00
43.21910447,39.80614763,36.92112669,6.29254879,5.984347196,Moderate,2024-10-21T00:00:00
49.68175596,42.90186778,31.78395364,7.169118316,22.04034599,Moderate,2024-10-21T01:00:00
58.36612032,20.86908491,39.09508806,7.131553715,18.02070465,High,2024-10-21T02:00:00
37.41327765,51.56308389,38.7510672,6.938755114,5.830676613,Low,2024-10-21T03:00:00
53.91387542,31.81421655,39.27698623,6.876891171,18.44408446,High,2024-10-21T04:00:00
32.03468215,51.88271361,38.61270359,7.182465645,8.604520676,Low,2024-10-21T05:00:00
40.98848034,32.12695987,25.06713513,7.769576618,9.33045542,Moderate,2024-10-21T06:00:00
61.35376311,35.56418612,36.94575195,7.382667507,15.54948902,High,2024-10-21T07:00:00
37.85672636,47.37103841,41.40302169,7.210202549,24.51249473,Low,2024-10-21T08:00:00
38.55237803,32.22382103,33.24137181,6.649156531,21.07706457,Low,2024-10-21T09:00:00
60.81565586,20.74192552,35.33788524,7.144238314,15.73750538,High,2024-10-21T10:00:00
64.69332075,24.94550799,35.2976145,7.012639083,18.83603271,High,2024-10-21T11:00:00
38.9704902,40.15981466,25.76103794,7.07660419,17.88305952,Low,2024-10-21T12:00:00
35.28743813,27.67215947,35.90836245,6.219708674,6.299171443,Low,2024-10-21T13:00:00
41.91258562,20.90257138,32.51089375,6.571744496,23.27410092,Moderate,2024-10-21T14:00:00
48.41482909,45.05753928,42.56484241,7.188445854,20.68312268,Moderate,2024-10-21T15:00:00
41.8502169,48.45371012,26.92736029,6.649539946,5.094748961,Moderate,2024-10-21T16:00:00
62.88674452,33.33325864,36.0562316,7.067840156,14.58230145,High,2024-10-21T17:00:00
31.11277084,43.28904968,41.7120788,6.303319454,16.00990792,Low,2024-10-21T18:00:00
54.45771258,36.82142069,35.30351523,7.195488223,18.53048645,High,2024-10-21T19:00:00
69.47641328,34.96381109,38.63930117,7.223536435,10.08119476,High,2024-10-21T20:00:00
30.30958033,30.49072678,36.48620638,6.945133415,20.57354111,Low,2024-10-21T21:00:00
37.96680028,56.62305307,26.54021451,6.718244577,18.48548938,Low,2024-10-21T22:00:00
39.42713556,52.56740269,44.53926996,6.093976888,11.24198062,Low,2024-10-21T23:00:00
63.13603275,32.62381695,35.50057591,7.086227733,10.32579678,High,2024-10-22T00:00:00
35.06069475,48.5390813,26.30289928,7.080885797,20.05297153,Low,2024-10-22T01:00:00
45.87877156,24.60017629,28.12306021,6.153162833,6.614575646,Moderate,2024-10-22T02:00:00
37.25748854,43.63400403,38.19680252,6.463848959,8.910118635,Low,2024-10-22T03:00:00
58.43399266,21.24995726,36.37530984,7.363843177,17.19328285,High,2024-10-22T04:00:00
35.94813233,44.75568759,38.91574222,6.570324301,16.71853115,Low,2024-10-22T05:00:00
38.29567662,29.69570313,43.24707328,7.81351201,10.55035414,Low,2024-10-22T06:00:00
42.39620896,56.97479556,29.00526906,6.397675993,9.399975434,Moderate,2024-10-22T07:00:00
41.16929609,22.90665641,34.92108241,7.51699452,19.16425958,Moderate,2024-10-22T08:00:00
40.53290937,42.99772622,36.8175841,7.805268805,9.342080096,Moderate,2024-10-22T09:00:00
69.24249814,22.98147402,38.07502306,7.174265425,11.01240968,High,2024-10-22T10:00:00
32.69114833,58.96134516,35.47368151,7.202483531,11.81934659,Low,2024-10-22T11:00:00
46.39248803,30.10142154,44.48509643,6.676855657,5.931901017,Moderate,2024-10-22T12:00:00
37.86116874,48.88289257,40.69712239,7.109227351,5.812021984,Low,2024-10-22T13:00:00
65.44374054,39.8723745,37.76656342,6.951595013,16.06347411,High,2024-10-22T14:00:00
43.520761,48.93437112,34.74170595,6.142800451,21.19982971,Moderate,2024-10-22T15:00:00
60.02903944,23.20724499,38.99671317,6.842742917,17.26197332,High,2024-10-22T16:00:00
43.48767964,47.26898948,38.02941418,6.031296735,12.79985239,Moderate,2024-10-22T17:00:00
43.14037316,54.92625718,25.64592134,7.420748511,21.06889053,Moderate,2024-10-22T18:00:00
52.79230806,35.08697554,39.27026955,6.836002345,14.07292594,High,2024-10-22T19:00:00
42.09667753,41.57552948,37.55373937,7.644820172,17.30332293,Moderate,2024-10-22T20:00:00
64.22004677,35.34710936,37.06691719,6.915012073,18.33701014,High,2024-10-22T21:00:00
63.11810698,25.37748075,36.00477017,7.220652601,12.06890098,High,2024-10-22T22:00:00
42.80357412,45.17688148,40.49472864,7.404697239,6.880783058,Moderate,2024-10-22T23:00:00
40.9848234,35.7597823,39.95041342,7.503084417,19.50291667,Moderate,2024-10-23T00:00:00
46.39723559,40.81278756,27.34430599,6.47564392,11.33898409,Moderate,2024-10-23T01:00:00
46.03534745,50.9728261,33.29306015,6.392022923,9.519990686,Moderate,2024-10-23T02:00:00
38.27055311,55.15703379,42.26700744,7.621745929,16.7095416,Low,2024-10-23T03:00:00
45.49815057,50.68898721,44.83034838,7.781459704,8.986130799,Moderate,2024-10-23T04:00:00
57.56978933,20.50023886,35.22756331,6.84901075,18.57939664,High,2024-10-23T05:00:00
43.47992079,45.70675397,26.1710585,7.499371429,8.807591857,Moderate,2024-10-23T06:00:00
44.98880274,26.6397166,31.24791096,6.445349912,16.87348927,Moderate,2024-10-23T07:00:00
53.492426,29.66845788,36.90899907,7.133415234,19.48531032,High,2024-10-23T08:00:00
45.08555746,20.81929115,32.34670102,6.339927989,20.96829035,Moderate,2024-10-23T09:00:00
31.46524426,45.58990934,35.78083535,6.984074538,20.81853707,Low,2024-10-23T10:00:00
36.60240446,40.85931523,26.05206362,6.138045734,24.51415208,Low,2024-10-23T11:00:00
39.16813938,56.55770791,38.75314216,6.218515365,23.22569913,Low,2024-10-23T12:00:00
47.98501411,41.9353731,26.90123149,7.306361074,14.39071308,Moderate,2024-10-23T13:00:00
69.67385697,32.83683272,36.50760906,7.140782309,10.14355338,High,2024-10-23T14:00:00
36.58787673,39.39250184,29.74466756,7.69047607,16.32027672,Low,2024-10-23T15:00:00
38.74853963,55.17995611,25.45231882,6.252753812,10.53276089,Low,2024-10-23T16:00:00
53.89181262,33.15844617,38.87555915,6.997805448,19.26996981,High,2024-10-23T17:00:00
41.56508667,55.85273924,38.07318265,7.991905338,6.652967204,Moderate,2024-10-23T18:00:00
67.50128859,22.18801045,36.78046138,7.189132606,16.89492043,High,2024-10-23T19:00:00
34.43474763,29.96804129,31.04613063,6.751668365,13.83377688,Low,2024-10-23T20:00:00
67.33834035,39.07655406,39.379801,7.027142592,14.99036981,High,2024-10-23T21:00:00
42.70146464,27.92591848,41.79158059,7.554338283,7.005318787,Moderate,2024-10-23T22:00:00
61.9732701,27.65098772,37.43296973,7.364969609,19.96959513,High,2024-10-23T23:00:00
30.90836219,56.19391826,27.10033077,6.459237455,22.30733808,Low,2024-10-24T00:00:00
33.67455203,59.57877286,40.87486064,6.407665122,21.2563218,Low,2024-10-24T01:00:00
53.59076067,20.47753049,38.7607874,7.01190673,15.44722504,High,2024-10-24T02:00:00
62.06815682,20.01613237,37.31325186,7.210956184,17.8443848,High,2024-10-24T03:00:00
58.42465427,32.33299347,35.02508063,6.854005124,12.62166627,High,2024-10-24T04:00:00
33.5824541,54.43991514,40.2600139,7.870009077,22.84483256,Low,2024-10-24T05:00:00
51.06896186,20.70146837,38.4547423,7.072020988,16.97006934,High,2024-10-24T06:00:00
32.00649617,33.1352375,36.38034443,6.043051385,12.31070796,Low,2024-10-24T07:00:00
34.94128821,28.04062844,26.4539686,6.038347584,8.023475585,Low,2024-10-24T08:00:00
31.17641267,37.28665667,36.45728932,6.275888703,5.634715003,Low,2024-10-24T09:00:00
32.38573338,38.79793438,32.54178942,6.874817405,8.26964006,Low,2024-10-24T10:00:00
36.9645787,22.68669118,35.0702956,6.343237713,12.67310664,Low,2024-10-24T11:00:00
40.69529789,38.65090589,29.31976631,7.739138181,24.31481292,Moderate,2024-10-24T12:00:00
32.89135825,28.91077458,38.88452667,6.674936337,13.50581778,Low,2024-10-24T13:00:00
38.47302707,50.34441381,37.43244877,6.441058774,16.1861724,Low,2024-10-24T14:00:00
41.64227083,51.26450457,42.6820396,7.526726894,22.38828818,Moderate,2024-10-24T15:00:00
30.35289616,50.42946764,28.98893866,6.825706508,14.21486909,Low,2024-10-24T16:00:00
42.4760448,43.7272352,37.84678315,6.422291088,15.57044635,Moderate,2024-10-24T17:00:00
66.24602443,36.85485803,39.93883535,7.315260296,11.65272002,High,2024-10-24T18:00:00
53.28788453,32.14978,35.19687477,7.038364506,17.27605082,High,2024-10-24T19:00:00
32.75010001,20.37441455,43.52188452,7.978137962,23.70813794,Low,2024-10-24T20:00:00
31.9960346,31.76351593,44.32712747,7.737692405,21.1551834,Low,2024-10-24T21:00:00
30.11163447,25.80118936,38.27413542,7.115650863,9.539013315,Low,2024-10-24T22:00:00
58.70695772,31.47061378,38.25437969,6.859189478,12.16351257,High,2024-10-24T23:00:00
43.17099966,40.59877515,33.61271698,7.824526482,13.23898974,Moderate,2024-10-25T00:00:00
41.75440598,55.33194149,34.88426699,7.565505735,11.36511872,Moderate,2024-10-25T01:00:00
35.53330229,53.33255788,31.65692134,6.324388211,22.5804693,Low,2024-10-25T02:00:00
44.82376452,53.11713326,34.5882147,6.040582668,9.760195664,Moderate,2024-10-25T03:00:00
33.84639105,50.89060963,39.67751592,7.037575929,17.50140672,Low,2024-10-25T04:00:00
55.81648684,26.77978593,35.80567534,7.338576127,19.17329774,High,2024-10-25T05:00:00
47.55467506,50.56498653,35.26328907,7.444575441,11.50194303,Moderate,2024-10-25T06:00:00
54.70441525,37.2321381,36.94290858,7.080144787,15.51529266,High,2024-10-25T07:00:00
56.77747614,24.35314558,36.97361231,6.898176684,10.87130401,High,2024-10-25T08:00:00
57.04637286,31.49280362,35.10641523,7.136552734,13.59313403,High,2024-10-25T09:00:00
57.90822317,25.17970589,36.13720559,6.924997583,10.32331676,High,2024-10-25T10:00:00
36.06463524,30.01671743,25.96659926,6.74464033,14.62323189,Low,2024-10-25T11:00:00
49.25959145,39.43018161,41.71244115,6.609042567,21.18965743,Moderate,2024-10-25T12:00:00
32.79269764,57.20142801,40.30671855,7.7421156,14.78226704,Low,2024-10-25T13:00:00
62.20337091,22.80236973,36.76331438,6.807507233,10.28836235,High,2024-10-25T14:00:00
65.0493411,37.88859375,38.94741334,7.196309231,11.6569392,High,2024-10-25T15:00:00
65.56180789,34.34979517,36.27640676,7.236483054,11.35693395,High,2024-10-25T16:00:00
51.4361947,34.22945508,38.41097899,6.979829324,13.19760698,High,2024-10-25T17:00:00
49.28595003,44.75873881,25.81753182,7.048703245,22.54057964,Moderate,2024-10-25T18:00:00
30.04276782,46.65630813,36.36598408,6.979833844,12.76169002,Low,2024-10-25T19:00:00
66.94871795,30.17274824,38.96321837,7.345120745,18.35244138,High,2024-10-25T20:00:00
67.52769552,20.0925131,39.4245672,7.173186918,17.69982407,High,2024-10-25T21:00:00
32.93382516,54.68176205,30.29332975,7.292536136,15.47678228,Low,2024-10-25T22:00:00
62.85811183,35.53638984,39.91580456,7.211341906,13.0346388,High,2024-10-25T23:00:00
41.77512913,33.49131275,29.74190805,6.545974914,15.35996597,Moderate,2024-10-26T00:00:00
36.75614714,55.15632397,31.37236945,7.433711641,12.94390605,Low,2024-10-26T01:00:00
43.52934774,48.38656719,44.86626863,7.145023204,23.39006135,Moderate,2024-10-26T02:00:00
68.40412048,29.06630556,38.95147064,7.355678437,18.89946522,High,2024-10-26T03:00:00
38.13885278,20.08546944,41.23680384,6.669623013,8.047866803,Low,2024-10-26T04:00:00
30.11428226,47.77180463,42.47755104,7.710610002,9.938853136,Low,2024-10-26T05:00:00
67.18964439,22.02332841,38.34519184,7.281167482,16.04104169,High,2024-10-26T06:00:00
69.16354205,36.64567764,37.0355436,7.188503682,17.19438165,High,2024-10-26T07:00:00
45.57823562,42.02406657,26.26851117,6.078355105,17.32105064,Moderate,2024-10-26T08:00:00
68.10904936,35.31173758,39.60769925,6.848464428,19.64031359,High,2024-10-26T09:00:00
33.5788231,55.38153217,32.68214188,7.848728177,9.717113509,Low,2024-10-26T10:00:00
62.76269272,25.15070816,35.85341799,7.023322055,10.19124731,High,2024-10-26T11:00:00
46.46848085,53.6566113,33.94404368,6.291204754,15.93860579,Moderate,2024-10-26T12:00:00
44.06112824,34.41285387,41.38306739,7.490174833,19.50170059,Moderate,2024-10-26T13:00:00
61.20391471,38.08014606,35.69452752,7.063334924,11.19062123,High,2024-10-26T14:00:00
42.29580286,38.49842889,31.49293921,7.41696267,18.04015568,Moderate,2024-10-26T15:00:00
49.11198705,31.75517393,31.74741277,6.126294792,13.11771071,Moderate,2024-10-26T16:00:00
60.74513898,37.68991107,38.62831684,7.238104541,12.64731661,High,2024-10-26T17:00:00
64.16013481,33.01775743,39.86307288,7.023708022,16.58218866,High,2024-10-26T18:00:00
47.9289114,21.14436336,38.60833226,7.722732544,12.47389944,Moderate,2024-10-26T19:00:00
67.25111217,21.18487049,39.16611108,7.229962273,13.50049278,High,2024-10-26T20:00:00
46.12000957,42.41264903,26.38306863,6.767384231,12.03770551,Moderate,2024-10-26T21:00:00
40.64096324,47.62080169,42.15888771,7.220983336,18.4421389,Moderate,2024-10-26T22:00:00
35.74648042,27.62068642,42.0976156,7.870697439,16.1962218,Low,2024-10-26T23:00:00
44.29790673,45.84314469,40.07783829,6.457234542,24.37959375,Moderate,2024-10-27T00:00:00
42.47652507,52.94446979,25.3522744,6.387913329,9.454111054,Moderate,2024-10-27T01:00:00
43.98490149,56.03419768,28.92147009,6.979108694,6.622658084,Moderate,2024-10-27T02:00:00
46.20404366,47.83553885,34.32556226,7.609373125,11.05260743,Moderate,2024-10-27T03:00:00
54.19914376,31.39882465,39.00122908,7.181462914,18.86186057,High,2024-10-27T04:00:00
42.19783838,44.70306373,29.35524186,7.433476097,11.8368695,Moderate,2024-10-27T05:00:00
38.3269966,33.44834004,32.61273967,7.390217638,16.00599038,Low,2024-10-27T06:00:00
44.76484648,44.80082164,41.54342687,7.361013812,19.89493524,Moderate,2024-10-27T07:00:00
51.09336927,37.15618555,38.47690801,7.383221835,11.63002594,High,2024-10-27T08:00:00
34.18462156,42.70605948,29.01616218,7.958773718,8.286712627,Low,2024-10-27T09:00:00
44.38034708,29.30585306,37.42832225,7.012888082,8.9040655,Moderate,2024-10-27T10:00:00
39.57412283,45.61218802,40.27730826,6.265386833,23.01805001,Low,2024-10-27T11:00:00
51.54585469,30.80233933,39.15424833,6.839391021,19.17127942,High,2024-10-27T12:00:00
33.03759353,57.27755372,26.647183,7.503766607,12.14184931,Low,2024-10-27T13:00:00
63.95650182,29.13525894,38.53166367,7.278907699,13.32408499,High,2024-10-27T14:00:00
58.59244379,28.82761244,35.90556793,7.287403751,18.48002004,High,2024-10-27T15:00:00
36.75396346,59.25046192,30.80604755,7.431058401,17.75271303,Low,2024-10-27T16:00:00
38.45241471,23.13050604,41.14756446,7.595594641,10.58135229,Low,2024-10-27T17:00:00
39.38527088,20.67106751,29.27269463,7.555618484,18.47965506,Low,2024-10-27T18:00:00
33.89058865,59.11957938,32.66690573,6.847220892,8.615290343,Low,2024-10-27T19:00:00
33.41806651,42.87203032,39.53379987,6.912630401,13.01041204,Low,2024-10-27T20:00:00
47.78987008,41.92668864,44.40330389,6.392993631,7.653443209,Moderate,2024-10-27T21:00:00
41.14614328,26.21707981,33.6153425,6.923462747,14.86195547,Moderate,2024-10-27T22:00:00
32.22542875,57.41963093,33.77304875,6.947793765,22.8781052,Low,2024-10-27T23:00:00
49.58095539,39.64809061,29.49237819,6.641664448,6.078940903,Moderate,2024-10-28T00:00:00
43.064851,41.67761566,41.67097894,7.721582127,22.39217632,Moderate,2024-10-28T01:00:00
44.40388501,34.23334483,34.04023238,6.659613464,23.22341355,Moderate,2024-10-28T02:00:00
52.09069567,26.99528633,36.78562449,7.075941893,13.02191424,High,2024-10-28T03:00:00
59.06869125,35.42920445,36.91817846,7.310059647,18.4889816,High,2024-10-28T04:00:00
49.20961623,24.22523834,25.8666372,7.401215505,19.35438306,Moderate,2024-10-28T05:00:00
37.05694589,44.62140159,33.52420814,6.85974847,10.42284747,Low,2024-10-28T06:00:00
46.54476727,30.66890932,34.66371597,7.502320818,19.04415891,Moderate,2024-10-28T07:00:00
44.17848146,35.30912273,28.83329354,7.745380897,23.78923118,Moderate,2024-10-28T08:00:00
31.02779763,43.54435918,30.44592529,6.161235114,5.07622797,Low,2024-10-28T09:00:00
31.08400324,48.84018328,39.14408172,6.900965258,21.02580394,Low,2024-10-28T10:00:00
67.91470934,39.79824334,37.6142459,7.203638547,10.72542689,High,2024-10-28T11:00:00
32.28951983,46.6302619,44.99915442,7.920485042,21.68795829,Low,2024-10-28T12:00:00
52.17201786,26.99109401,38.6674871,7.389721507,16.95996149,High,2024-10-28T13:00:00
53.88544392,39.80579503,38.66022724,7.193880103,14.72593985,High,2024-10-28T14:00:00
42.0440981,56.58433337,32.22178997,7.057027488,10.92183421,Moderate,2024-10-28T15:00:00
64.4293621,33.86317038,39.53994536,6.957441407,10.00281317,High,2024-10-28T16:00:00
34.39041341,57.0534763,32.4718111,6.786076533,12.24104756,Low,2024-10-28T17:00:00
47.89625943,59.18686069,31.82267972,6.893413371,12.13993953,Moderate,2024-10-28T18:00:00
30.91576922,46.16353356,38.13685396,6.940193473,23.70057179,Low,2024-10-28T19:00:00
52.93322416,32.45313787,37.32832014,7.144596934,12.83350054,High,2024-10-28T20:00:00
39.99709853,41.20102115,39.31772816,6.593475727,17.03658004,Low,2024-10-28T21:00:00
46.10059414,49.06493023,35.63070832,7.530123584,24.64767996,Moderate,2024-10-28T22:00:00
44.09119912,26.84362642,27.39531387,7.526472666,22.39015622,Moderate,2024-10-28T23:00:00
37.34330886,48.33461655,33.58196662,6.142999835,6.127792168,Low,2024-10-29T00:00:00
48.3932107,41.43032215,44.50000145,7.024665583,21.84539812,Moderate,2024-10-29T01:00:00
39.21187007,21.23131981,41.76188496,7.694270702,9.183112181,Low,2024-10-29T02:00:00
36.20366241,26.29154791,37.75045904,6.977267299,20.6375218,Low,2024-10-29T03:00:00
30.58729834,47.67264116,29.63558916,7.428861095,23.84092016,Low,2024-10-29T04:00:00
48.42937765,23.97812564,29.48657613,6.212558848,6.416699323,Moderate,2024-10-29T05:00:00
40.90472563,54.64690853,35.23181707,7.78437998,19.76538619,Moderate,2024-10-29T06:00:00
43.2014134,31.22776249,31.68068892,6.128500378,10.97631045,Moderate,2024-10-29T07:00:00
60.82471122,37.22080356,37.68367759,6.851403203,16.49531089,High,2024-10-29T08:00:00
56.46800009,38.28506809,35.12977616,6.937368148,15.7495215,High,2024-10-29T09:00:00
46.41592353,52.52102857,32.24515712,6.559497171,12.96072365,Moderate,2024-10-29T10:00:00
39.51658964,38.55713687,28.09336951,7.001625672,16.96507169,Low,2024-10-29T11:00:00
57.21012426,26.42167314,38.02293105,7.157171862,13.03317709,High,2024-10-29T12:00:00
42.50947019,25.36604265,32.09631454,7.57440257,8.099970476,Moderate,2024-10-29T13:00:00
40.16718383,38.73065458,44.76286345,6.215728081,7.943120257,Moderate,2024-10-29T14:00:00
50.79644095,22.73215703,36.89826317,7.200000868,12.270549,High,2024-10-29T15:00:00
49.61612822,56.64171978,30.83963099,7.376223366,20.7836034,Moderate,2024-10-29T16:00:00
67.75230941,26.63980593,36.6669297,7.237928971,18.61617028,High,2024-10-29T17:00:00
56.20668887,35.0798909,36.37183729,6.972443,13.70845633,High,2024-10-29T18:00:00
41.13834938,26.42237033,28.72389459,6.230207412,8.881805626,Moderate,2024-10-29T19:00:00
37.54134567,49.77902909,37.01520755,6.439225584,6.92448724,Low,2024-10-29T20:00:00
47.83459324,48.9230229,37.81359006,6.169597481,10.11213035,Moderate,2024-10-29T21:00:00
53.42305432,27.509675,35.91136898,7.01016449,19.92431539,High,2024-10-29T22:00:00
42.04776052,45.50659578,31.61873592,7.298868773,13.86971243,Moderate,2024-10-29T23:00:00
48.90928384,43.00506441,44.03866213,7.563406915,13.10858421,Moderate,2024-10-30T00:00:00
59.32632974,31.02001694,39.1379613,7.224035589,19.24287893,High,2024-10-30T01:00:00
66.95030735,25.44765989,38.96932128,7.038115168,19.58991053,High,2024-10-30T02:00:00
50.3175934,32.61835479,35.14162379,7.271148056,10.53680348,High,2024-10-30T03:00:00
43.74488041,36.31498734,31.64959892,7.825895243,11.45962346,Moderate,2024-10-30T04:00:00
69.28902181,39.9249839,36.15553694,7.246809477,19.45452094,High,2024-10-30T05:00:00
64.16901105,37.14148245,35.09040221,7.209617783,11.65582952,High,2024-10-30T06:00:00
40.28285321,45.39620857,27.6244677,6.78158208,22.88374391,Moderate,2024-10-30T07:00:00
33.16848795,53.33849941,42.10562866,6.737291666,11.17856725,Low,2024-10-30T08:00:00
53.38777175,34.44579427,39.24986327,6.815429279,17.06414536,High,2024-10-30T09:00:00
43.50173069,46.5149846,42.32241906,6.178398091,21.83817565,Moderate,2024-10-30T10:00:00
53.2047969,35.77312305,38.19672742,7.227984101,12.47375255,High,2024-10-30T11:00:00
65.99185475,22.23164187,35.94145326,6.995154412,17.11534235,High,2024-10-30T12:00:00
44.681456,47.37534775,32.52462711,7.861543314,11.84707124,Moderate,2024-10-30T13:00:00
37.00173651,42.99441736,25.95774563,7.509428353,12.84102604,Low,2024-10-30T14:00:00
31.39359177,58.709862,44.56649403,6.162368441,18.94656632,Low,2024-10-30T15:00:00
49.66541134,49.3587193,30.87852661,7.88509038,16.65597557,Moderate,2024-10-30T16:00:00
50.0298146,29.09538591,35.92477742,7.367220857,15.93750317,High,2024-10-30T17:00:00
36.00228708,41.04133186,38.76274037,6.255951394,18.98983669,Low,2024-10-30T18:00:00
64.14383747,21.57472309,37.02273229,6.800824462,11.78372174,High,2024-10-30T19:00:00
48.74466166,46.30602081,25.11709932,7.24256366,16.76510085,Moderate,2024-10-30T20:00:00
45.00381,53.45657693,26.74246496,6.731903062,5.948787091,Moderate,2024-10-30T21:00:00
69.55076792,25.81328763,35.78664355,7.379206757,10.30311586,High,2024-10-30T22:00:00
68.61664041,39.01869813,37.47251763,7.003694043,17.08466971,High,2024-10-30T23:00:00
34.20419697,46.84575964,35.73421228,6.480589917,6.245188457,Low,2024-10-31T00:00:00
53.37450069,23.62258761,37.33857583,7.010169895,16.73568259,High,2024-10-31T01:00:00
42.06885734,26.47565603,39.69997823,7.291882772,7.875829512,Moderate,2024-10-31T02:00:00
48.21630677,53.308078,30.7557909,6.857359167,6.656263436,Moderate,2024-10-31T03:00:00
39.74026713,47.42138204,41.5839251,6.65734975,19.63861717,Low,2024-10-31T04:00:00
45.60941309,34.38368136,43.93820786,7.73308762,7.551313192,Moderate,2024-10-31T05:00:00
62.63997857,39.1625642,35.30563314,7.145606985,14.07328806,High,2024-10-31T06:00:00
44.30448562,28.57711514,30.29141862,6.170350242,14.1800449,Moderate,2024-10-31T07:00:00
62.12989197,24.13389165,35.59496602,6.922381499,19.27405617,High,2024-10-31T08:00:00
45.90990657,49.30196196,32.87123834,7.820842911,23.95610694,Moderate,2024-10-31T09:00:00
47.94220734,46.15307031,32.22453773,7.672896692,19.92606691,Moderate,2024-10-31T10:00:00
32.8739335,53.05161211,29.16550591,7.53752533,18.17008569,Low,2024-10-31T11:00:00
41.9162905,39.04684618,26.64743452,7.710300505,9.121798969,Moderate,2024-10-31T12:00:00
65.63163987,33.66476954,36.44448432,7.323564122,19.19386944,High,2024-10-31T13:00:00
48.05248258,28.64329561,32.8273127,7.885041257,24.88799188,Moderate,2024-10-31T14:00:00
45.26552988,22.14433305,32.85534277,7.139838155,6.624044241,Moderate,2024-10-31T15:00:00
35.58417283,46.13915119,43.67624537,7.393802467,10.1396055,Low,2024-10-31T16:00:00
30.29590209,58.37260948,44.8316957,6.556695171,13.96608871,Low,2024-10-31T17:00:00
33.74249439,33.76857272,40.61914299,7.460803482,12.09216224,Low,2024-10-31T18:00:00
31.70108855,35.94535975,30.37046604,7.810417452,6.067552257,Low,2024-10-31T19:00:00
39.83894258,29.6579902,35.81802073,7.718282684,24.90539846,Low,2024-10-31T20:00:00
43.07686413,51.73308318,39.73948477,6.712431396,15.48086353,Moderate,2024-10-31T21:00:00
38.32201158,30.07793348,44.34952943,7.754771304,17.47282931,Low,2024-10-31T22:00:00
42.27413772,20.52290838,25.51705117,7.630862665,5.078622071,Moderate,2024-10-31T23:00:00
48.17577769,32.02463047,37.13756085,7.10438741,6.797185416,Moderate,2024-11-01T00:00:00
38.28746207,55.82124595,37.15433228,7.708477111,12.5288791,Low,2024-11-01T01:00:00
34.24493607,55.48836254,42.46637919,7.695394837,20.57763845,Low,2024-11-01T02:00:00
46.2243212,39.02339863,31.98447087,6.382941482,6.866858155,Moderate,2024-11-01T03:00:00
36.57540897,41.28116777,28.55713357,6.985623282,9.990240022,Low,2024-11-01T04:00:00
35.91040395,57.43144596,34.60811201,7.418475982,7.396477478,Low,2024-11-01T05:00:00
36.65137434,51.41045896,28.25091045,7.942459813,21.10050233,Low,2024-11-01T06:00:00
38.88342127,50.90785401,44.60087905,7.459306265,20.89521321,Low,2024-11-01T07:00:00
38.02609015,57.79155483,39.42574064,6.380997371,24.43819009,Low,2024-11-01T08:00:00
61.67585539,25.92158234,35.67048726,6.975921053,10.64525662,High,2024-11-01T09:00:00
36.67983148,57.38754133,40.36716792,6.899695959,23.59687047,Low,2024-11-01T10:00:00
48.9918851,33.95075476,33.92525887,6.644604086,14.00390084,Moderate,2024-11-01T11:00:00
69.15331953,20.5111108,36.50192664,7.355337261,15.85575446,High,2024-11-01T12:00:00
53.8909161,20.94569033,38.78611503,6.96108795,14.34637356,High,2024-11-01T13:00:00
48.53761221,45.56617153,29.48572675,7.044737692,9.239036585,Moderate,2024-11-01T14:00:00
30.55097534,29.30942878,44.4669892,6.98905153,14.10470621,Low,2024-11-01T15:00:00
31.1388202,25.17046835,36.39975044,7.233711054,15.61308265,Low,2024-11-01T16:00:00
31.60469916,29.77022855,39.40073651,6.379906071,7.976268224,Low,2024-11-01T17:00:00
34.22379888,52.84000656,37.80104694,7.891900893,18.20559626,Low,2024-11-01T18:00:00
59.78112404,28.38942798,37.32395072,7.177529997,14.97817751,High,2024-11-01T19:00:00
46.36001887,38.4139177,30.62627784,7.254548729,18.45926725,Moderate,2024-11-01T20:00:00
48.89054611,55.0840431,25.48165355,6.62059267,22.3834534,Moderate,2024-11-01T21:00:00
54.80509919,26.4901196,36.49185997,6.887854024,17.83085996,High,2024-11-01T22:00:00
39.56182063,21.50427134,39.55411788,6.07726867,9.98669095,Low,2024-11-01T23:00:00
65.57376045,32.18732731,37.80611396,7.055798716,17.6140708,High,2024-11-02T00:00:00
55.06809781,31.74008535,35.84722944,7.110283637,15.60632123,High,2024-11-02T01:00:00
47.42640175,44.6719189,44.58652839,6.895855707,11.88051093,Moderate,2024-11-02T02:00:00
67.59095095,23.61616557,37.85431308,6.974868443,11.09346832,High,2024-11-02T03:00:00
38.78204235,22.91361369,42.52181188,6.307056682,24.56736104,Low,2024-11-02T04:00:00
39.72418744,33.99919541,26.35289381,6.719337543,10.17292487,Low,2024-11-02T05:00:00
33.41581385,34.31105586,33.22381607,6.0206044,7.959106031,Low,2024-11-02T06:00:00
55.57752983,34.20619652,37.93664892,7.069918075,16.35747872,High,2024-11-02T07:00:00
30.44956663,47.19485071,25.214963,6.329167708,20.42811017,Low,2024-11-02T08:00:00
48.85822075,44.78377117,31.03419029,7.376553317,7.054774633,Moderate,2024-11-02T09:00:00
31.10715683,27.50274776,32.77539875,6.057649178,24.73126037,Low,2024-11-02T10:00:00
32.58155838,55.08773341,38.02464105,6.124427352,8.688227703,Low,2024-11-02T11:00:00
57.93670905,22.93296706,38.25945993,7.217322472,14.74833669,High,2024-11-02T12:00:00
37.0099791,36.77706195,38.91833276,7.67992429,17.92925931,Low,2024-11-02T13:00:00
56.00285558,28.29262079,36.9185652,7.1011436,17.84786369,High,2024-11-02T14:00:00
49.23075892,22.43380349,43.81283484,6.589615436,18.78832048,Moderate,2024-11-02T15:00:00
48.08956256,49.39914329,35.50230003,7.100524347,13.37596369,Moderate,2024-11-02T16:00:00
47.93268814,20.28361061,33.60552285,6.399005745,20.96400924,Moderate,2024-11-02T17:00:00
36.33003176,27.43374736,38.07510744,6.611541846,14.85219555,Low,2024-11-02T18:00:00
40.72829261,36.31236011,40.0066366,6.570807205,8.759438123,Moderate,2024-11-02T19:00:00
53.67980481,20.66826692,37.96953948,6.854774514,13.61719194,High,2024-11-02T20:00:00
40.92311517,52.98561473,33.91154511,6.10226019,22.90651262,Moderate,2024-11-02T21:00:00
64.75771532,34.93207914,35.78593819,7.37776938,19.92349885,High,2024-11-02T22:00:00
37.33314309,27.87468927,30.93643932,7.873690276,14.54994526,Low,2024-11-02T23:00:00
38.09523062,41.32771464,32.21557997,7.365302494,22.04584659,Low,2024-11-03T00:00:00
60.83448103,27.17913882,35.8947585,7.110243845,15.24421793,High,2024-11-03T01:00:00
69.40236829,30.60126809,38.41802342,7.016860878,14.87088928,High,2024-11-03T02:00:00
61.04322255,26.75757933,35.49956076,6.867853353,12.89761258,High,2024-11-03T03:00:00
68.21751929,20.29311582,38.12204389,7.388579302,14.07057551,High,2024-11-03T04:00:00
31.83239173,49.56870737,31.63982566,6.963684491,18.10826819,Low,2024-11-03T05:00:00
37.14108225,47.67430603,40.63665256,6.158724106,14.04946793,Low,2024-11-03T06:00:00
40.02969627,46.31369752,39.37374214,7.197276792,9.914863685,Moderate,2024-11-03T07:00:00
53.55945735,27.65571796,35.08490523,7.209003911,19.92966166,High,2024-11-03T08:00:00
45.21447008,39.21956539,27.89628156,7.658569349,16.46848545,Moderate,2024-11-03T09:00:00
48.62706055,33.83870185,31.44192667,6.904427921,7.738408875,Moderate,2024-11-03T10:00:00
30.95356327,56.27540817,35.54780402,6.191586219,22.00876275,Low,2024-11-03T11:00:00
67.79915242,35.16424854,37.29529777,7.124236901,10.01911939,High,2024-11-03T12:00:00
43.03824352,29.24370657,36.19844304,6.066541173,7.896006495,Moderate,2024-11-03T13:00:00
33.68927966,56.79489931,26.39339972,6.708600569,17.53623076,Low,2024-11-03T14:00:00
48.65208485,34.04353179,29.84987743,7.567086311,8.891909234,Moderate,2024-11-03T15:00:00
48.51487127,47.42592857,29.79591891,6.639866574,23.47807148,Moderate,2024-11-03T16:00:00
38.83293459,50.35352337,35.31247035,7.820067198,6.402538949,Low,2024-11-03T17:00:00
35.6210848,34.87511707,37.56420776,6.933844534,12.9355401,Low,2024-11-03T18:00:00
38.37578835,59.22554641,40.04511739,7.662376491,15.22557279,Low,2024-11-03T19:00:00
48.36365187,36.58115572,31.71851295,6.243134073,11.2651404,Moderate,2024-11-03T20:00:00
30.87636921,25.71851344,32.53637802,6.10896961,11.46918299,Low,2024-11-03T21:00:00
42.43464859,44.29735369,31.00439198,6.128698956,8.292001322,Moderate,2024-11-03T22:00:00
42.91808701,55.36510158,34.89985894,6.000748916,12.97802457,Moderate,2024-11-03T23:00:00
38.6911184,35.6559249,28.39204784,6.786817421,16.88600094,Low,2024-11-04T00:00:00
62.8825076,38.5928083,37.08923102,7.188831629,17.02135601,High,2024-11-04T01:00:00
35.72306761,44.93064252,40.06246746,6.904789812,15.36959387,Low,2024-11-04T02:00:00
64.10099078,26.01478296,36.49715608,7.053512496,15.77247833,High,2024-11-04T03:00:00
44.67066936,55.72917662,35.15270364,7.939597762,6.318717037,Moderate,2024-11-04T04:00:00
40.04136752,48.5335676,41.03476724,7.773379456,24.61705434,Moderate,2024-11-04T05:00:00
45.2340722,59.0837005,30.02737087,7.100390161,16.72576083,Moderate,2024-11-04T06:00:00
35.42705081,37.64713232,29.72423224,7.291548424,13.00831271,Low,2024-11-04T07:00:00
60.88512194,37.12889439,39.12321852,7.006320637,10.55655292,High,2024-11-04T08:00:00
54.31052626,39.80469633,39.52551187,7.075277826,18.41904015,High,2024-11-04T09:00:00
52.07658665,24.81432206,36.57507882,7.015154546,11.41868978,High,2024-11-04T10:00:00
51.86226818,33.60370055,37.70721619,7.282412603,16.23187497,High,2024-11-04T11:00:00
40.61764586,39.26996294,25.14786236,7.427236883,14.99184488,Moderate,2024-11-04T12:00:00
65.84691934,28.13782764,38.70336664,7.131015213,12.06441226,High,2024-11-04T13:00:00
39.33716442,34.26787238,35.80445214,6.512328781,8.314685616,Low,2024-11-04T14:00:00
44.16335755,47.75220858,39.0180052,6.010058615,15.30934316,Moderate,2024-11-04T15:00:00
62.23916701,27.06061713,37.34988744,7.392894296,14.01380417,High,2024-11-04T16:00:00
48.6415182,44.83145823,38.869318,6.513505997,5.877164742,Moderate,2024-11-04T17:00:00
56.73911164,22.8772788,39.28403576,7.109150577,10.23157121,High,2024-11-04T18:00:00
68.39389274,35.83367919,39.26596138,7.028043982,15.39058764,High,2024-11-04T19:00:00
41.64425563,51.57825438,35.70215609,7.712101659,21.31960901,Moderate,2024-11-04T20:00:00
58.34272131,27.18603863,36.20069078,6.87951567,15.38719618,High,2024-11-04T21:00:00
31.15373102,28.34105677,41.03013713,6.119429833,23.60796876,Low,2024-11-04T22:00:00
49.60679873,51.96723065,31.74102694,6.922704024,11.96404796,Moderate,2024-11-04T23:00:00
40.44995381,56.92699381,43.91039387,6.714528284,18.27456926,Moderate,2024-11-05T00:00:00
41.83484163,24.44283201,29.25630323,6.813619837,9.625044958,Moderate,2024-11-05T01:00:00
60.74545457,36.67893337,38.17323217,7.172616739,13.40487473,High,2024-11-05T02:00:00
39.81633687,59.47618277,27.099573,7.490379095,10.00591859,Low,2024-11-05T03:00:00
49.69807015,43.90399937,28.93162599,7.217880185,21.20622009,Moderate,2024-11-05T04:00:00
43.11029168,51.03601616,25.77982784,6.567454147,19.3751667,Moderate,2024-11-05T05:00:00
68.57338786,25.36459625,38.40136981,6.94566476,17.38895299,High,2024-11-05T06:00:00
31.02666012,41.83817924,25.41289035,6.442370427,13.79704203,Low,2024-11-05T07:00:00
38.32574659,33.56563413,30.38139468,7.710386447,18.13296014,Low,2024-11-05T08:00:00
35.49580496,53.99097463,30.29290533,7.528881877,5.730553296,Low,2024-11-05T09:00:00
41.60052529,48.08567014,30.65576862,7.430268997,9.643741628,Moderate,2024-11-05T10:00:00
44.08368564,39.64298287,39.43195961,7.402145159,14.80160209,Moderate,2024-11-05T11:00:00
35.44712372,40.02162503,27.9939394,6.181214584,20.98923078,Low,2024-11-05T12:00:00
50.46436839,35.13924917,38.86853176,7.286753973,11.63174461,High,2024-11-05T13:00:00
69.81098788,20.98465108,39.52433771,7.197156944,16.33864998,High,2024-11-05T14:00:00
31.73528035,27.4585462,32.87523693,6.863131775,19.87731965,Low,2024-11-05T15:00:00
38.43747356,31.64430918,33.94359649,6.901485568,5.120817826,Low,2024-11-05T16:00:00
41.12621748,42.14421874,34.85805637,7.806839504,24.18233673,Moderate,2024-11-05T17:00:00
58.14462904,24.71519532,36.60133463,7.360142492,19.9920988,High,2024-11-05T18:00:00
68.36974665,22.59113633,39.29142562,7.002143008,15.47355892,High,2024-11-05T19:00:00
30.98777054,37.71611279,28.22527181,6.110923279,14.66207289,Low,2024-11-05T20:00:00
66.35361853,20.20546987,35.17392722,7.248199113,10.03196892,High,2024-11-05T21:00:00
53.05194665,25.00257205,38.35092511,7.010061024,16.35073463,High,2024-11-05T22:00:00
45.98895347,48.54852885,41.92864364,6.176721159,16.87074284,Moderate,2024-11-05T23:00:00
37.79088588,43.69677028,42.47994467,7.163381423,5.94982009,Low,2024-11-06T00:00:00
49.08680035,58.14376502,43.64665629,7.790973799,12.86624734,Moderate,2024-11-06T01:00:00
35.78154124,47.67392419,28.98709939,6.945909054,22.5986271,Low,2024-11-06T02:00:00
37.8621318,20.30552777,44.88102489,7.443912793,7.665986529,Low,2024-11-06T03:00:00
47.62545663,38.6530284,34.98890896,6.997686542,13.43248611,Moderate,2024-11-06T04:00:00
46.37803636,26.31928314,33.68968997,6.261428111,20.8605362,Moderate,2024-11-06T05:00:00
50.32280948,38.4063126,39.67566267,7.361271192,12.58273291,High,2024-11-06T06:00:00
33.94759897,40.46255732,37.15694058,7.547861395,18.04994311,Low,2024-11-06T07:00:00
42.07727933,59.67985353,32.09407841,6.85845759,11.28477483,Moderate,2024-11-06T08:00:00
59.8913126,38.44841299,37.83042462,7.009879867,11.17258418,High,2024-11-06T09:00:00
68.65739286,23.30699086,38.22895911,7.173358649,13.89600201,High,2024-11-06T10:00:00
66.9764257,27.41325509,37.23540438,7.19898634,19.91451499,High,2024-11-06T11:00:00
39.24144091,34.35606333,28.07285271,6.591118537,18.82237608,Low,2024-11-06T12:00:00
54.27333078,27.66731639,37.1959881,7.14538844,17.77464466,High,2024-11-06T13:00:00
52.15732911,20.69747702,38.93464831,6.939153959,17.73576777,High,2024-11-06T14:00:00
40.98150555,55.31162817,32.20204669,7.985720724,10.96464032,Moderate,2024-11-06T15:00:00
49.36142526,46.71727576,29.45197644,7.630515689,6.700560081,Moderate,2024-11-06T16:00:00
38.51404484,28.31677843,37.76413954,7.29489818,24.86423275,Low,2024-11-06T17:00:00
54.21245435,20.14584496,35.27430829,7.278792239,12.94308717,High,2024-11-06T18:00:00
42.66339381,48.10026928,31.89910577,7.905243147,21.34566919,Moderate,2024-11-06T19:00:00
57.07252978,30.81584823,36.9530967,7.017623847,10.33230236,High,2024-11-06T20:00:00
39.5715198,57.39415747,30.23553717,6.805962349,15.64297364,Low,2024-11-06T21:00:00
34.20077618,46.69511713,42.43779897,6.633859185,23.41818051,Low,2024-11-06T22:00:00
46.03614725,33.71312789,34.41031594,7.61525108,11.7930202,Moderate,2024-11-06T23:00:00
53.54563342,23.56308451,39.25641914,7.227385179,11.9377529,High,2024-11-07T00:00:00
56.08346067,36.14027099,36.89379946,7.190635985,19.37329361,High,2024-11-07T01:00:00
33.6050613,39.90466621,28.50902657,7.659979404,20.54257922,Low,2024-11-07T02:00:00
45.31355147,53.45046106,30.21136774,6.678991229,8.624777604,Moderate,2024-11-07T03:00:00
44.35268322,52.38571184,31.30670426,6.198861213,11.21403491,Moderate,2024-11-07T04:00:00
61.72547459,34.69281633,35.38861939,6.916953686,16.43114172,High,2024-11-07T05:00:00
45.5090253,31.77651665,32.20747155,7.62108282,23.8824875,Moderate,2024-11-07T06:00:00
64.62280751,35.76276121,38.1809467,7.346630884,16.65703275,High,2024-11-07T07:00:00
47.3881654,20.40671825,38.97060963,6.638029345,11.24534402,Moderate,2024-11-07T08:00:00
66.48262055,27.08384888,38.14215645,6.89357027,15.47485436,High,2024-11-07T09:00:00
35.73498998,52.07531275,43.81786408,7.766934681,7.596036927,Low,2024-11-07T10:00:00
60.82717272,37.10207131,39.37575777,6.926599289,16.08311824,High,2024-11-07T11:00:00
32.11401411,42.60950641,38.62246905,7.715196059,16.92543522,Low,2024-11-07T12:00:00
38.68901092,29.94960698,38.26266809,6.166376556,12.15579966,Low,2024-11-07T13:00:00
61.26858181,34.05945049,38.29574667,6.88810912,18.22508311,High,2024-11-07T14:00:00
43.78266747,30.63012695,34.87166421,7.026655815,20.19870657,Moderate,2024-11-07T15:00:00
35.9814858,29.02043227,41.19119465,7.057103995,16.09933585,Low,2024-11-07T16:00:00
34.39741407,27.94287178,27.0201081,7.715185859,10.03180314,Low,2024-11-07T17:00:00
41.39371382,56.40890178,44.56732089,6.723223167,13.87468646,Moderate,2024-11-07T18:00:00
58.15276704,21.70614611,36.34572007,6.801496795,14.29015571,High,2024-11-07T19:00:00
32.29923048,34.60770017,30.26728756,6.290064896,5.885850897,Low,2024-11-07T20:00:00
55.93647244,24.63357663,38.04201211,7.135874119,10.69679397,High,2024-11-07T21:00:00
38.03514137,35.71183738,42.13935284,7.432865735,19.41284988,Low,2024-11-07T22:00:00
57.90549318,26.40912296,35.17073743,7.285796761,10.35502885,High,2024-11-07T23:00:00
40.69366679,25.94001751,33.0782025,6.450877535,7.615925561,Moderate,2024-11-08T00:00:00
30.14159779,29.02023937,37.38849227,6.373209616,19.92833208,Low,2024-11-08T01:00:00
34.45255333,59.02204128,38.68309437,6.152958837,19.83177783,Low,2024-11-08T02:00:00
62.26600293,20.76168555,39.30749086,7.155625839,15.70456174,High,2024-11-08T03:00:00
45.74266814,51.51965877,44.41417853,7.684546222,9.556452306,Moderate,2024-11-08T04:00:00
33.11717188,34.97525968,35.43615486,6.322807026,20.94989772,Low,2024-11-08T05:00:00
46.38216311,34.64943452,44.21166115,7.470138639,15.44587031,Moderate,2024-11-08T06:00:00
31.35424697,20.63852829,31.68694847,7.879026442,5.270335639,Low,2024-11-08T07:00:00
42.94048476,22.27154658,33.18917339,7.970385195,24.75168263,Moderate,2024-11-08T08:00:00
41.74455975,36.1102238,28.42788169,6.667037812,24.05524695,Moderate,2024-11-08T09:00:00
50.69226891,31.24999983,37.12095906,7.290556458,14.02319161,High,2024-11-08T10:00:00
42.81743866,21.72615582,30.80732002,6.182650404,7.451263597,Moderate,2024-11-08T11:00:00
32.98961237,25.95189015,39.65620019,6.148988485,6.15053008,Low,2024-11-08T12:00:00
45.6371626,28.29295913,26.29077052,6.473345261,9.096450713,Moderate,2024-11-08T13:00:00
30.21715121,55.67079768,42.10811709,7.474740009,14.1963804,Low,2024-11-08T14:00:00
51.82468381,30.89333497,35.05534127,7.32221262,15.03578808,High,2024-11-08T15:00:00
32.14166818,28.62980414,30.75934437,6.551057839,8.421052576,Low,2024-11-08T16:00:00
45.81666789,33.303279,34.11457224,6.570487728,15.04610731,Moderate,2024-11-08T17:00:00
48.44698877,44.45601999,34.03240395,6.17565845,12.11310702,Moderate,2024-11-08T18:00:00
37.21555912,33.12264492,30.07087392,6.426234784,6.748940467,Low,2024-11-08T19:00:00
46.04032307,55.274832,28.54898344,7.641523664,18.98885177,Moderate,2024-11-08T20:00:00
53.05024163,20.86594167,35.17761303,7.258998866,11.17930672,High,2024-11-08T21:00:00
32.79278914,58.01075214,40.58246501,6.592382897,22.36851167,Low,2024-11-08T22:00:00
41.45639921,45.99725458,42.87050281,7.678552278,15.80873622,Moderate,2024-11-08T23:00:00
48.31796687,32.49178993,42.62753707,6.579083752,9.82681124,Moderate,2024-11-09T00:00:00
52.36381404,31.40076365,36.56102674,6.899947811,17.25837103,High,2024-11-09T01:00:00
36.25714488,45.52927098,34.12502835,6.556824363,20.61077938,Low,2024-11-09T02:00:00
38.32294666,42.64441325,25.95328973,7.535554591,24.52906353,Low,2024-11-09T03:00:00
36.56754172,44.11712307,34.06853532,6.269142414,12.09737295,Low,2024-11-09T04:00:00
61.54078297,23.91139563,37.25016801,6.994858043,19.48174117,High,2024-11-09T05:00:00
69.62373786,20.55952317,37.099817,7.103018765,13.57037466,High,2024-11-09T06:00:00
46.78082347,49.20348681,43.15400646,7.864060581,16.89818091,Moderate,2024-11-09T07:00:00
31.51736651,41.9968915,43.86984076,7.884922622,13.61791342,Low,2024-11-09T08:00:00
40.14859165,57.4467598,28.37533357,6.798958447,15.40494091,Moderate,2024-11-09T09:00:00
59.39273826,35.08859565,36.17923964,7.014439706,15.55277987,High,2024-11-09T10:00:00
63.90876355,23.91469783,38.92594053,7.040567759,10.67727634,High,2024-11-09T11:00:00
49.9550756,31.50179313,42.09492055,7.575753602,13.08196206,Moderate,2024-11-09T12:00:00
49.92408406,21.3650732,25.71639302,6.081567798,6.30334476,Moderate,2024-11-09T13:00:00
39.60916392,37.95894262,36.90814694,7.061683064,18.35465866,Low,2024-11-09T14:00:00
32.78810395,42.87299548,40.72361523,6.418459599,9.321781291,Low,2024-11-09T15:00:00
37.65640899,25.5419187,31.56400068,7.278030396,16.98819611,Low,2024-11-09T16:00:00
47.86270155,48.5527149,27.71413933,7.722338437,11.24465999,Moderate,2024-11-09T17:00:00
36.32287658,34.65172338,25.29002806,6.452226289,8.28633785,Low,2024-11-09T18:00:00
36.7494525,49.99511081,25.70683877,6.541753515,8.883727623,Low,2024-11-09T19:00:00
40.79418015,39.68984596,33.20818606,7.725031659,14.7524083,Moderate,2024-11-09T20:00:00
48.57179057,45.08914258,36.4087696,6.524293696,8.981753219,Moderate,2024-11-09T21:00:00
34.14865226,48.07447018,28.69880688,6.293283692,13.2535322,Low,2024-11-09T22:00:00
64.06824914,27.50116278,36.51524484,7.387012263,15.63551739,High,2024-11-09T23:00:00
35.18424609,31.64510571,43.39719437,7.993228553,22.92597258,Low,2024-11-10T00:00:00
32.91310694,29.36078096,44.08816904,6.598810584,18.72125287,Low,2024-11-10T01:00:00
53.39509687,22.65029934,35.14937925,6.959021155,13.66479218,High,2024-11-10T02:00:00
49.2229525,34.03844531,35.47941572,7.443508171,14.79131764,Moderate,2024-11-10T03:00:00
67.60025463,29.4994732,39.05236411,7.327897291,13.08465172,High,2024-11-10T04:00:00
49.25641033,54.06128265,36.3287375,6.716383903,9.845590027,Moderate,2024-11-10T05:00:00
48.89188129,56.74844879,37.55043882,6.843728643,8.135801298,Moderate,2024-11-10T06:00:00
47.71332744,57.19097543,32.03183659,7.561031301,9.294738737,Moderate,2024-11-10T07:00:00
43.87928417,45.59314858,34.98196481,7.787459981,6.462268483,Moderate,2024-11-10T08:00:00
60.15833935,22.36860838,36.3945965,6.874145477,19.07683144,High,2024-11-10T09:00:00
31.65293766,40.74808538,31.52438268,6.919943633,9.946313587,Low,2024-11-10T10:00:00
33.13851086,29.44235172,42.96910919,6.900665019,21.17464369,Low,2024-11-10T11:00:00
56.48422973,28.71661613,35.61213908,7.391472471,19.84473253,High,2024-11-10T12:00:00
47.94100011,44.53578582,36.6207443,6.42203813,9.497694547,Moderate,2024-11-10T13:00:00
59.68766744,35.39532712,38.90767999,7.007815621,15.96402162,High,2024-11-10T14:00:00
32.94331886,41.73195336,40.40858314,6.147560924,21.30326837,Low,2024-11-10T15:00:00
64.49309478,27.72576912,36.65444736,7.260642729,16.86708781,High,2024-11-10T16:00:00
36.13275598,23.42260761,42.52339239,7.494891041,19.56259998,Low,2024-11-10T17:00:00
56.72129581,37.18571475,38.09078852,6.813830583,14.67188509,High,2024-11-10T18:00:00
33.30710017,38.12221464,29.32443248,6.688570856,24.22370923,Low,2024-11-10T19:00:00
55.59001089,24.37368629,36.35676567,7.308592045,10.31219919,High,2024-11-10T20:00:00
40.72024493,54.21725567,34.49445859,6.842753387,15.75292679,Moderate,2024-11-10T21:00:00
49.95909104,41.79015279,34.22368823,7.654749637,5.584872253,Moderate,2024-11-10T22:00:00
53.63619856,29.43883313,39.02945236,7.123519401,11.45662503,High,2024-11-10T23:00:00
40.3529163,45.12095306,31.8109039,6.195856633,6.120959153,Moderate,2024-11-11T00:00:00
35.75615923,52.85687955,37.91666859,7.197181343,17.57762256,Low,2024-11-11T01:00:00
42.82997912,45.12044872,40.05897059,6.737558246,19.72242254,Moderate,2024-11-11T02:00:00
44.1993582,41.46543845,43.47057685,7.257685827,19.96093034,Moderate,2024-11-11T03:00:00
68.27329134,34.51459149,39.72429562,7.222728274,10.03312636,High,2024-11-11T04:00:00
34.20382072,26.68236267,44.28674499,6.716324948,24.63019109,Low,2024-11-11T05:00:00
46.38505377,52.34652172,39.27458435,6.594147248,5.704253013,Moderate,2024-11-11T06:00:00
59.73441802,22.97662392,37.33635821,6.853214648,13.38215286,High,2024-11-11T07:00:00
44.31016961,56.9102306,29.65725343,6.606719633,12.87101334,Moderate,2024-11-11T08:00:00
39.31083148,29.39546293,44.04611277,7.60540862,15.77043338,Low,2024-11-11T09:00:00
63.60910293,20.05711266,35.67701753,7.375118985,16.54125298,High,2024-11-11T10:00:00
38.98057678,54.41350475,40.01410792,6.281507307,20.23920639,Low,2024-11-11T11:00:00
55.10671632,32.7670568,35.71803651,7.246073201,11.26760142,High,2024-11-11T12:00:00
38.81871624,31.831724,32.61714227,7.714192219,22.74447766,Low,2024-11-11T13:00:00
45.91534585,23.80653892,26.28016927,7.108217733,7.075989828,Moderate,2024-11-11T14:00:00
35.4207639,59.8407659,44.9763445,6.324015981,15.1147887,Low,2024-11-11T15:00:00
54.48998065,24.24123336,35.99295554,7.168999825,18.8760612,High,2024-11-11T16:00:00
30.93338301,21.04979376,42.08640394,6.472697454,17.14086751,Low,2024-11-11T17:00:00
58.78703427,33.00544656,35.60601327,7.34443604,16.18058976,High,2024-11-11T18:00:00
52.6464844,24.1414714,39.18772508,6.829938998,12.66576167,High,2024-11-11T19:00:00
35.26210249,41.87317932,35.56116485,6.0526814,13.98472766,Low,2024-11-11T20:00:00
39.97840221,33.49482089,35.41264573,6.199132049,22.5711175,Low,2024-11-11T21:00:00
30.76126664,39.28484044,41.13964326,7.380836542,6.030059256,Low,2024-11-11T22:00:00
48.20417869,25.15354664,40.99875427,7.693814693,9.841972406,Moderate,2024-11-11T23:00:00
43.62182352,50.56659185,35.31654837,6.125675961,5.493510491,Moderate,2024-11-12T00:00:00
69.23467055,28.51167356,39.36749622,7.197414714,14.25213536,High,2024-11-12T01:00:00
53.31936065,23.71561563,36.56615564,6.810842669,12.41009249,High,2024-11-12T02:00:00
39.68895426,25.46398113,31.84316629,7.881595144,17.22703026,Low,2024-11-12T03:00:00
53.80815052,37.21223175,36.3538143,7.001688753,18.25659692,High,2024-11-12T04:00:00
47.29799783,37.91194909,39.03078467,6.420699015,6.248785385,Moderate,2024-11-12T05:00:00
62.0847206,23.27269488,36.17779805,6.86166495,15.03363939,High,2024-11-12T06:00:00
38.08038629,32.64305068,31.43320306,7.471265806,7.578367602,Low,2024-11-12T07:00:00
33.53590866,35.29460032,28.12639112,6.8486816,23.35978008,Low,2024-11-12T08:00:00
46.03490196,48.57335489,27.75004728,6.571583749,11.14449713,Moderate,2024-11-12T09:00:00
41.30092896,53.57673319,37.96551881,7.071035576,9.229368402,Moderate,2024-11-12T10:00:00
41.89227402,49.58436375,29.94919457,7.087080659,5.095654447,Moderate,2024-11-12T11:00:00
47.59693715,36.02065774,41.36673747,7.646335494,11.47742917,Moderate,2024-11-12T12:00:00
68.94770526,22.58224455,35.88394429,7.122741043,16.92046125,High,2024-11-12T13:00:00
39.42120498,48.48235552,40.88044181,6.596130107,22.27510678,Low,2024-11-12T14:00:00
62.45717725,38.57615618,35.23390042,7.146057821,13.52208922,High,2024-11-12T15:00:00
44.33364382,42.81702642,34.5737237,6.858574187,9.598527173,Moderate,2024-11-12T16:00:00
65.27156863,33.47064324,39.09903254,7.049191711,17.83037032,High,2024-11-12T17:00:00
46.54994302,39.55800666,42.88091596,6.711880246,12.08742604,Moderate,2024-11-12T18:00:00
51.89020759,26.46949812,35.8217587,7.00654683,10.81004666,High,2024-11-12T19:00:00
57.17836127,29.9193102,38.81748491,7.228543692,12.45568977,High,2024-11-12T20:00:00
68.83410395,32.54396806,36.04375271,7.112205864,10.53032222,High,2024-11-12T21:00:00
63.9507715,31.30985207,38.40925179,7.318920071,11.38749407,High,2024-11-12T22:00:00
33.44239202,59.43948282,31.97059984,7.211461808,7.225335878,Low,2024-11-12T23:00:00
42.39599323,48.37819397,44.0041526,6.607596286,13.9962002,Moderate,2024-11-13T00:00:00
38.46821501,52.78963603,31.42493898,7.306091881,8.233602799,Low,2024-11-13T01:00:00
56.47735963,33.69357516,37.54517338,7.02534118,13.08241296,High,2024-11-13T02:00:00
40.61057917,21.56779202,28.19383903,7.773025202,11.15848006,Moderate,2024-11-13T03:00:00
49.76760655,40.35560319,28.2550072,6.558661097,6.553456409,Moderate,2024-11-13T04:00:00
31.42214805,52.96998932,29.9473687,7.69610183,24.26565612,Low,2024-11-13T05:00:00
54.56529984,30.26303272,36.78711141,7.334245016,16.75999122,High,2024-11-13T06:00:00
46.42005483,55.36550777,28.14750771,7.424865703,14.20946925,Moderate,2024-11-13T07:00:00
31.10987628,48.43648951,38.89017214,6.037070498,20.15023023,Low,2024-11-13T08:00:00
60.52577661,38.39813733,37.7803143,6.861794978,17.60424302,High,2024-11-13T09:00:00
54.29425848,28.07934742,39.06316815,7.285100761,17.07360361,High,2024-11-13T10:00:00
63.30587124,39.15596768,38.93217367,7.070387918,17.21596631,High,2024-11-13T11:00:00
41.41071593,42.51068832,43.96262489,7.174630662,17.97341649,Moderate,2024-11-13T12:00:00
50.06661451,34.12184827,38.41128101,7.189393107,19.37937444,High,2024-11-13T13:00:00
63.63520462,36.14171288,38.46494011,7.015163182,16.31260002,High,2024-11-13T14:00:00
33.06591815,24.07984042,32.52753166,6.680946323,13.83225024,Low,2024-11-13T15:00:00
38.20568256,52.85035543,40.41183022,6.267172238,16.10487502,Low,2024-11-13T16:00:00
58.75144181,20.50181724,38.64017508,7.154561281,10.76993952,High,2024-11-13T17:00:00
51.40947363,30.82827969,36.1245702,6.876111958,11.02774607,High,2024-11-13T18:00:00
57.91265385,26.20410962,36.73690719,7.146609328,17.1587343,High,2024-11-13T19:00:00
50.75955479,20.03085457,36.15038117,7.340449755,12.74147841,High,2024-11-13T20:00:00
39.26218253,57.53005908,44.2769728,7.166833635,18.8624549,Low,2024-11-13T21:00:00
45.42031088,47.54596036,26.99275062,7.429112268,22.01021167,Moderate,2024-11-13T22:00:00
32.97093153,26.05679903,43.19004827,7.352265463,8.103563322,Low,2024-11-13T23:00:00
